schema,upstream_repository,pinned_commit,upstream_path,sha256,bytes,binary,detected_notice_tokens,initial_attribution,license_status,current_disposition
1,https://github.com/BlackBoxing/BlackBox,a0a330732c51dd9476c618ede31ec7d4a168a5d5,.gitattributes,d8fb0de4792538f93822b2c0d235604921299d5e54a3d6ec7a6cb34536e8bf1e,68,false,none-detected,BlackBox aggregate tree at pinned commit,root Apache-2.0 declaration exists; per-file origin not independently verified,reference only; manual history audit required
1,https://github.com/BlackBoxing/BlackBox,a0a330732c51dd9476c618ede31ec7d4a168a5d5,.github/ISSUE_TEMPLATE/bug-report---bug---.md,ba6bc0528716c4e416dab536db9ce3f9614797991cbd7ee62da0e9f2b6c35622,1257,false,none-detected,BlackBox aggregate tree at pinned commit,root Apache-2.0 declaration exists; per-file origin not independently verified,reference only; manual history audit required
1,https://github.com/BlackBoxing/BlackBox,a0a330732c51dd9476c618ede31ec7d4a168a5d5,.github/ISSUE_TEMPLATE/feature-request--------.md,04e4f9ce59d502fa88ca332db67e0d8b012dc5619db670409d52e89c19e291fd,748,false,none-detected,BlackBox aggregate tree at pinned commit,root Apache-2.0 declaration exists; per-file origin not independently verified,reference only; manual history audit required
1,https://github.com/BlackBoxing/BlackBox,a0a330732c51dd9476c618ede31ec7d4a168a5d5,.github/ISSUE_TEMPLATE/other-issues-------.md,ba85067021b505e00c2e97ca6abcc76c92f2d10e42562f16a23a60e3f55c7305,149,false,none-detected,BlackBox aggregate tree at pinned commit,root Apache-2.0 declaration exists; per-file origin not independently verified,reference only; manual history audit required
1,https://github.com/BlackBoxing/BlackBox,a0a330732c51dd9476c618ede31ec7d4a168a5d5,.github/workflows/upstream.yml,1bf8134b572c52958f83ed038c2a31a25c27f5189b7d881112c9f6175b32d27a,492,false,none-detected,BlackBox aggregate tree at pinned commit,root Apache-2.0 declaration exists; per-file origin not independently verified,reference only; manual history audit required
1,https://github.com/BlackBoxing/BlackBox,a0a330732c51dd9476c618ede31ec7d4a168a5d5,.gitignore,d3a43d63f43495fe7275f9d3650fbe67c5b7ef7241fd2a6648d7c07212d189a9,1477,false,none-detected,BlackBox aggregate tree at pinned commit,root Apache-2.0 declaration exists; per-file origin not independently verified,reference only; manual history audit required
1,https://github.com/BlackBoxing/BlackBox,a0a330732c51dd9476c618ede31ec7d4a168a5d5,Bcore/.gitignore,00306afc33d0b551acc6ca0843cd0fa9148dd143f958a96c481cc8ae29dfac80,1448,false,none-detected,BlackBox aggregate tree at pinned commit,root Apache-2.0 declaration exists; per-file origin not independently verified,reference only; manual history audit required
1,https://github.com/BlackBoxing/BlackBox,a0a330732c51dd9476c618ede31ec7d4a168a5d5,Bcore/black-fake/.gitignore,5c3174b74edc6f2b9e0743594b8bd3c7f31e4f4405758cc9872b3fe1de1d28b4,6,false,none-detected,BlackBox aggregate tree at pinned commit,root Apache-2.0 declaration exists; per-file origin not independently verified,reference only; manual history audit required
1,https://github.com/BlackBoxing/BlackBox,a0a330732c51dd9476c618ede31ec7d4a168a5d5,Bcore/black-fake/build.gradle,841d561a145e05aa70c1e54edfa16440cd8d853eed75df889cad6fbf4f96201e,1513,false,none-detected,BlackBox aggregate tree at pinned commit,root Apache-2.0 declaration exists; per-file origin not independently verified,reference only; manual history audit required
1,https://github.com/BlackBoxing/BlackBox,a0a330732c51dd9476c618ede31ec7d4a168a5d5,Bcore/black-fake/consumer-rules.pro,e3b0c44298fc1c149afbf4c8996fb92427ae41e4649b934ca495991b7852b855,0,false,none-detected,BlackBox aggregate tree at pinned commit,root Apache-2.0 declaration exists; per-file origin not independently verified,reference only; manual history audit required
1,https://github.com/BlackBoxing/BlackBox,a0a330732c51dd9476c618ede31ec7d4a168a5d5,Bcore/black-fake/proguard-rules.pro,48c84bd2ac064ce2665b62a6e7c0e87f3b4fe259708a76e16625c2b43e1bc078,770,false,none-detected,BlackBox aggregate tree at pinned commit,root Apache-2.0 declaration exists; per-file origin not independently verified,reference only; manual history audit required
1,https://github.com/BlackBoxing/BlackBox,a0a330732c51dd9476c618ede31ec7d4a168a5d5,Bcore/black-fake/src/main/AndroidManifest.xml,0a57d0b2906862efee820c21da16d3306be79a96accd3b5793bb80bc2fb38d36,100,false,none-detected,BlackBox aggregate tree at pinned commit,root Apache-2.0 declaration exists; per-file origin not independently verified,reference only; manual history audit required
1,https://github.com/BlackBoxing/BlackBox,a0a330732c51dd9476c618ede31ec7d4a168a5d5,Bcore/black-fake/src/main/java/android/app/ActivityThread.java,c1ea2dd5051e9b146899caac21c1f52f39270f388033158e29ce60ea213fbbfd,2469,false,none-detected,BlackBox aggregate tree at pinned commit,root Apache-2.0 declaration exists; per-file origin not independently verified,reference only; manual history audit required
1,https://github.com/BlackBoxing/BlackBox,a0a330732c51dd9476c618ede31ec7d4a168a5d5,Bcore/black-fake/src/main/java/android/app/ContentProviderHolder.java,b8010ce5fe3e314dce8e491fa43079f47b305d3f844b717592b4cb7182006b1b,418,false,none-detected,BlackBox aggregate tree at pinned commit,root Apache-2.0 declaration exists; per-file origin not independently verified,reference only; manual history audit required
1,https://github.com/BlackBoxing/BlackBox,a0a330732c51dd9476c618ede31ec7d4a168a5d5,Bcore/black-fake/src/main/java/android/content/IContentProvider.java,515d718a4c7260293d8a9da63e4dd2cb07bdb7f4a7245f78a58dc488c6b667ea,245,false,none-detected,BlackBox aggregate tree at pinned commit,root Apache-2.0 declaration exists; per-file origin not independently verified,reference only; manual history audit required
1,https://github.com/BlackBoxing/BlackBox,a0a330732c51dd9476c618ede31ec7d4a168a5d5,Bcore/black-fake/src/main/java/android/content/SyncInfo.java,4b3226dc7fa9eabd5ee23af1c4b858dc0485905827e3f0de2f07142ea564dba5,3095,false,Apache-text;copyright-text,explicit file-header attribution; see upstream file,explicit Apache-2.0 text,reference only; direct-source comparison required
1,https://github.com/BlackBoxing/BlackBox,a0a330732c51dd9476c618ede31ec7d4a168a5d5,Bcore/black-fake/src/main/java/android/content/SyncStatusInfo.java,5f8c6653dbac0e571ac01790265ad203e9b5e3d7cb80ada58e6e2247fa37d9a9,6085,false,none-detected,BlackBox aggregate tree at pinned commit,root Apache-2.0 declaration exists; per-file origin not independently verified,reference only; manual history audit required
1,https://github.com/BlackBoxing/BlackBox,a0a330732c51dd9476c618ede31ec7d4a168a5d5,Bcore/black-fake/src/main/java/android/content/pm/ManifestDigest.java,98b052284ee8dce74dd402ae8389979a91333d66e43b7a69c531c4c6c30cf560,1556,false,none-detected,BlackBox aggregate tree at pinned commit,root Apache-2.0 declaration exists; per-file origin not independently verified,reference only; manual history audit required
1,https://github.com/BlackBoxing/BlackBox,a0a330732c51dd9476c618ede31ec7d4a168a5d5,Bcore/black-fake/src/main/java/android/content/pm/PackageParser.java,ce67698cdf8b55aee0609bcce952f948268db1bc4482e57a370c57833ab3f9ea,25453,false,none-detected,BlackBox aggregate tree at pinned commit,root Apache-2.0 declaration exists; per-file origin not independently verified,reference only; manual history audit required
1,https://github.com/BlackBoxing/BlackBox,a0a330732c51dd9476c618ede31ec7d4a168a5d5,Bcore/black-fake/src/main/java/android/content/pm/PackageUserState.java,b294255bb678e7c211bf85913a5140e8e9534f7b99899eee5182a8d98bb4d944,874,false,none-detected,BlackBox aggregate tree at pinned commit,root Apache-2.0 declaration exists; per-file origin not independently verified,reference only; manual history audit required
1,https://github.com/BlackBoxing/BlackBox,a0a330732c51dd9476c618ede31ec7d4a168a5d5,Bcore/black-fake/src/main/java/android/content/pm/VerifierInfo.java,aace2fb6b6a39bc70d3043603b4e9bc22fe3acf51bcb7a0f51b0f77faa7d7cdd,1148,false,none-detected,BlackBox aggregate tree at pinned commit,root Apache-2.0 declaration exists; per-file origin not independently verified,reference only; manual history audit required
1,https://github.com/BlackBoxing/BlackBox,a0a330732c51dd9476c618ede31ec7d4a168a5d5,Bcore/black-fake/src/main/java/android/location/LocationRequest.java,a2f43b8b3d13bbd0e2f743e4493d0dd97e09afbb67ef2ba4207463df825e9c2c,713,false,none-detected,BlackBox aggregate tree at pinned commit,root Apache-2.0 declaration exists; per-file origin not independently verified,reference only; manual history audit required
1,https://github.com/BlackBoxing/BlackBox,a0a330732c51dd9476c618ede31ec7d4a168a5d5,Bcore/black-fake/src/main/java/android/os/ParcelableException.java,1157128c910455441edb388ff15e5c4f5df735da2a0460cf3d7fecb4d02b0953,1966,false,none-detected,BlackBox aggregate tree at pinned commit,root Apache-2.0 declaration exists; per-file origin not independently verified,reference only; manual history audit required
1,https://github.com/BlackBoxing/BlackBox,a0a330732c51dd9476c618ede31ec7d4a168a5d5,Bcore/black-fake/src/main/java/android/os/SELinux.java,d87392330bc60de0c96617b41c377057583636ac9006225f107c4054f427b561,369,false,none-detected,BlackBox aggregate tree at pinned commit,root Apache-2.0 declaration exists; per-file origin not independently verified,reference only; manual history audit required
1,https://github.com/BlackBoxing/BlackBox,a0a330732c51dd9476c618ede31ec7d4a168a5d5,Bcore/black-fake/src/main/java/android/os/ServiceManager.java,e493fb0f41e330625e632ddba9edc331096e698aeb9d02951b7c3a2d0f978820,163,false,none-detected,BlackBox aggregate tree at pinned commit,root Apache-2.0 declaration exists; per-file origin not independently verified,reference only; manual history audit required
1,https://github.com/BlackBoxing/BlackBox,a0a330732c51dd9476c618ede31ec7d4a168a5d5,Bcore/black-fake/src/main/java/top/niunaijun/blackbox/fake/FakeCore.java,e6ed8f5159c4ed39364f8de260febe3988e96e700be0b69e21889ae316e306df,338,false,none-detected,BlackBox aggregate tree at pinned commit,root Apache-2.0 declaration exists; per-file origin not independently verified,reference only; manual history audit required
1,https://github.com/BlackBoxing/BlackBox,a0a330732c51dd9476c618ede31ec7d4a168a5d5,Bcore/black-hook/.gitignore,5c3174b74edc6f2b9e0743594b8bd3c7f31e4f4405758cc9872b3fe1de1d28b4,6,false,none-detected,BlackBox aggregate tree at pinned commit,root Apache-2.0 declaration exists; per-file origin not independently verified,reference only; manual history audit required
1,https://github.com/BlackBoxing/BlackBox,a0a330732c51dd9476c618ede31ec7d4a168a5d5,Bcore/black-hook/build.gradle,fb6d7d527ecccfbb4e2fda498a658c1f1c301d1b62977f5a31a40f58a9b06897,1588,false,none-detected,BlackBox aggregate tree at pinned commit,root Apache-2.0 declaration exists; per-file origin not independently verified,reference only; manual history audit required
1,https://github.com/BlackBoxing/BlackBox,a0a330732c51dd9476c618ede31ec7d4a168a5d5,Bcore/black-hook/consumer-rules.pro,e3b0c44298fc1c149afbf4c8996fb92427ae41e4649b934ca495991b7852b855,0,false,none-detected,BlackBox aggregate tree at pinned commit,root Apache-2.0 declaration exists; per-file origin not independently verified,reference only; manual history audit required
1,https://github.com/BlackBoxing/BlackBox,a0a330732c51dd9476c618ede31ec7d4a168a5d5,Bcore/black-hook/proguard-rules.pro,48c84bd2ac064ce2665b62a6e7c0e87f3b4fe259708a76e16625c2b43e1bc078,770,false,none-detected,BlackBox aggregate tree at pinned commit,root Apache-2.0 declaration exists; per-file origin not independently verified,reference only; manual history audit required
1,https://github.com/BlackBoxing/BlackBox,a0a330732c51dd9476c618ede31ec7d4a168a5d5,Bcore/black-hook/src/main/AndroidManifest.xml,11b0b8a514444772aa2452cead286ca105b144556d466fe09fab447bda339234,97,false,none-detected,BlackBox aggregate tree at pinned commit,root Apache-2.0 declaration exists; per-file origin not independently verified,reference only; manual history audit required
1,https://github.com/BlackBoxing/BlackBox,a0a330732c51dd9476c618ede31ec7d4a168a5d5,Bcore/black-hook/src/main/java/top/niunaijun/jnihook/MethodUtils.java,2213a0f412e9173979c136023663c740178ba3a25436edb53583e74967303d45,2637,false,none-detected,BlackBox aggregate tree at pinned commit,root Apache-2.0 declaration exists; per-file origin not independently verified,reference only; manual history audit required
1,https://github.com/BlackBoxing/BlackBox,a0a330732c51dd9476c618ede31ec7d4a168a5d5,Bcore/black-hook/src/main/java/top/niunaijun/jnihook/ReflectCore.java,4dd5e31d419d6484c5c2a8bb66441af02fc7455451c77b09f4ecafea5b821f0e,1061,false,none-detected,BlackBox aggregate tree at pinned commit,root Apache-2.0 declaration exists; per-file origin not independently verified,reference only; manual history audit required
1,https://github.com/BlackBoxing/BlackBox,a0a330732c51dd9476c618ede31ec7d4a168a5d5,Bcore/black-hook/src/main/java/top/niunaijun/jnihook/jni/JniHook.java,08e4278254ba8ee8035396b4f63007b3178c79247e1717a4a673a15264d107f5,630,false,none-detected,BlackBox aggregate tree at pinned commit,root Apache-2.0 declaration exists; per-file origin not independently verified,reference only; manual history audit required
1,https://github.com/BlackBoxing/BlackBox,a0a330732c51dd9476c618ede31ec7d4a168a5d5,Bcore/build.gradle,14a506b1be355d5dfb53be77582eb620363b47c1091d062bbdb5304a462f5854,2730,false,none-detected,BlackBox aggregate tree at pinned commit,root Apache-2.0 declaration exists; per-file origin not independently verified,reference only; manual history audit required
1,https://github.com/BlackBoxing/BlackBox,a0a330732c51dd9476c618ede31ec7d4a168a5d5,Bcore/consumer-rules.pro,0ef6254c8ebcfc8d8b5ffd6651a0c2cf0bc106de7bd612cedac34669f7e230f6,956,false,none-detected,BlackBox aggregate tree at pinned commit,root Apache-2.0 declaration exists; per-file origin not independently verified,reference only; manual history audit required
1,https://github.com/BlackBoxing/BlackBox,a0a330732c51dd9476c618ede31ec7d4a168a5d5,Bcore/pine-core/.gitignore,d96f1d5b78765c2d3024439e9b0d38adcc23ece44a4f6e7427d86f4ca2df6607,8,false,none-detected,Pine-derived aggregate area,root declaration insufficient; per-file origin unresolved,exclude current Pine/Xposed layer
1,https://github.com/BlackBoxing/BlackBox,a0a330732c51dd9476c618ede31ec7d4a168a5d5,Bcore/pine-core/build.gradle,524ccf0ab7cca8999315373a48fe7f44cf47dfbfef49c4ee03f610300ba01caa,1536,false,none-detected,Pine-derived aggregate area,root declaration insufficient; per-file origin unresolved,exclude current Pine/Xposed layer
1,https://github.com/BlackBoxing/BlackBox,a0a330732c51dd9476c618ede31ec7d4a168a5d5,Bcore/pine-core/consumer-rules.pro,e3b0c44298fc1c149afbf4c8996fb92427ae41e4649b934ca495991b7852b855,0,false,none-detected,Pine-derived aggregate area,root declaration insufficient; per-file origin unresolved,exclude current Pine/Xposed layer
1,https://github.com/BlackBoxing/BlackBox,a0a330732c51dd9476c618ede31ec7d4a168a5d5,Bcore/pine-core/proguard-rules.pro,a62624d7b48278452544f45d30648f7cc0dafc24561bd2e95074d4f5dab4313a,772,false,none-detected,Pine-derived aggregate area,root declaration insufficient; per-file origin unresolved,exclude current Pine/Xposed layer
1,https://github.com/BlackBoxing/BlackBox,a0a330732c51dd9476c618ede31ec7d4a168a5d5,Bcore/pine-core/src/main/AndroidManifest.xml,1130776da4522af8b3eee54d3ff7f9fcc79f57d6f0bd4887a40057bcb66c4d10,104,false,none-detected,Pine-derived aggregate area,root declaration insufficient; per-file origin unresolved,exclude current Pine/Xposed layer
1,https://github.com/BlackBoxing/BlackBox,a0a330732c51dd9476c618ede31ec7d4a168a5d5,Bcore/pine-core/src/main/cpp/CMakeLists.txt,d203052b73ba63966dae3f2e2c4e45bb51c08208330b3354db5f6c9777405705,2046,false,none-detected,Pine-derived aggregate area,root declaration insufficient; per-file origin unresolved,exclude current Pine/Xposed layer
1,https://github.com/BlackBoxing/BlackBox,a0a330732c51dd9476c618ede31ec7d4a168a5d5,Bcore/pine-core/src/main/cpp/android.cpp,0daca219e412d406c3491c67e216da0f21480c5e03b4ecea859092841c532f22,13008,false,none-detected,Pine-derived aggregate area,root declaration insufficient; per-file origin unresolved,exclude current Pine/Xposed layer
1,https://github.com/BlackBoxing/BlackBox,a0a330732c51dd9476c618ede31ec7d4a168a5d5,Bcore/pine-core/src/main/cpp/android.h,8547947a5a0811eee4da65c68e0a5167866491b863056d764a615a472ff60715,5719,false,none-detected,Pine-derived aggregate area,root declaration insufficient; per-file origin unresolved,exclude current Pine/Xposed layer
1,https://github.com/BlackBoxing/BlackBox,a0a330732c51dd9476c618ede31ec7d4a168a5d5,Bcore/pine-core/src/main/cpp/art/access_flags.h,df86f4e5b6f79a60f109175038f7bf47c6320605ba5d27eb52eb3cb6ae76eea0,1909,false,none-detected,Pine-derived aggregate area,root declaration insufficient; per-file origin unresolved,exclude current Pine/Xposed layer
1,https://github.com/BlackBoxing/BlackBox,a0a330732c51dd9476c618ede31ec7d4a168a5d5,Bcore/pine-core/src/main/cpp/art/art_method.cpp,b48658fbff2f10f41fe9d1d9db4ae8c86417ca17e8ee1fe130b0d32f439b4c13,15963,false,none-detected,Pine-derived aggregate area,root declaration insufficient; per-file origin unresolved,exclude current Pine/Xposed layer
1,https://github.com/BlackBoxing/BlackBox,a0a330732c51dd9476c618ede31ec7d4a168a5d5,Bcore/pine-core/src/main/cpp/art/art_method.h,bfe74a5c59db279e6ad27faf63f7dea925b28cdb0e88da3c6cfab72ada19182c,12864,false,none-detected,Pine-derived aggregate area,root declaration insufficient; per-file origin unresolved,exclude current Pine/Xposed layer
1,https://github.com/BlackBoxing/BlackBox,a0a330732c51dd9476c618ede31ec7d4a168a5d5,Bcore/pine-core/src/main/cpp/art/gc_defs.h,1997224cbed9b25d3ba1d01c21fa1f1059dd07e25f7ba8668e391e9a3e81f6cf,4137,false,none-detected,Pine-derived aggregate area,root declaration insufficient; per-file origin unresolved,exclude current Pine/Xposed layer
1,https://github.com/BlackBoxing/BlackBox,a0a330732c51dd9476c618ede31ec7d4a168a5d5,Bcore/pine-core/src/main/cpp/art/jit.cpp,b25bb2c83a0c613efcc340e75a8ca792f6a778b4ad2993d810cc84068830602f,5240,false,none-detected,Pine-derived aggregate area,root declaration insufficient; per-file origin unresolved,exclude current Pine/Xposed layer
1,https://github.com/BlackBoxing/BlackBox,a0a330732c51dd9476c618ede31ec7d4a168a5d5,Bcore/pine-core/src/main/cpp/art/jit.h,e3b1d14b1d2249bd3007a0b0771b3dd02eabbdd0b05b1ee92576810fa542e976,1438,false,none-detected,Pine-derived aggregate area,root declaration insufficient; per-file origin unresolved,exclude current Pine/Xposed layer
1,https://github.com/BlackBoxing/BlackBox,a0a330732c51dd9476c618ede31ec7d4a168a5d5,Bcore/pine-core/src/main/cpp/art/object.h,437eb7bbb3568f67fc4a336bfec8f8fb5d6150b6f9ebd1f20f21b29c4044ea42,1081,false,none-detected,Pine-derived aggregate area,root declaration insufficient; per-file origin unresolved,exclude current Pine/Xposed layer
1,https://github.com/BlackBoxing/BlackBox,a0a330732c51dd9476c618ede31ec7d4a168a5d5,Bcore/pine-core/src/main/cpp/art/thread.cpp,714f06a3c6e553d73661f49e10563c3b9a0ae011cc99c4a7340c9ec4e1d48710,3481,false,none-detected,Pine-derived aggregate area,root declaration insufficient; per-file origin unresolved,exclude current Pine/Xposed layer
1,https://github.com/BlackBoxing/BlackBox,a0a330732c51dd9476c618ede31ec7d4a168a5d5,Bcore/pine-core/src/main/cpp/art/thread.h,54a2cd0a4368d70c2053b5936b433cbb1bac783fe5225164616f9b0758dd0ecf,5781,false,none-detected,Pine-derived aggregate area,root declaration insufficient; per-file origin unresolved,exclude current Pine/Xposed layer
1,https://github.com/BlackBoxing/BlackBox,a0a330732c51dd9476c618ede31ec7d4a168a5d5,Bcore/pine-core/src/main/cpp/jni_bridge.cpp,370f0aea533a81072063d034d9e6f53b80bc1d8c4b783f9aebe04c0f482d618a,879,false,none-detected,Pine-derived aggregate area,root declaration insufficient; per-file origin unresolved,exclude current Pine/Xposed layer
1,https://github.com/BlackBoxing/BlackBox,a0a330732c51dd9476c618ede31ec7d4a168a5d5,Bcore/pine-core/src/main/cpp/jni_bridge.h,ab9a977dae75304905dfa31f9f7119186454712257b9298daa63db4b93b56bcd,379,false,none-detected,Pine-derived aggregate area,root declaration insufficient; per-file origin unresolved,exclude current Pine/Xposed layer
1,https://github.com/BlackBoxing/BlackBox,a0a330732c51dd9476c618ede31ec7d4a168a5d5,Bcore/pine-core/src/main/cpp/pine.cpp,816921057dc20a3bc3b6e2b357a83eba3ff4f66e679c33f33d006d45837eb6b8,22281,false,none-detected,Pine-derived aggregate area,root declaration insufficient; per-file origin unresolved,exclude current Pine/Xposed layer
1,https://github.com/BlackBoxing/BlackBox,a0a330732c51dd9476c618ede31ec7d4a168a5d5,Bcore/pine-core/src/main/cpp/pine_config.h,d9a1fed5a2fe116a0c65873bd94ec9c90699f59011598f9a6e2acbd9ef475ab6,444,false,none-detected,Pine-derived aggregate area,root declaration insufficient; per-file origin unresolved,exclude current Pine/Xposed layer
1,https://github.com/BlackBoxing/BlackBox,a0a330732c51dd9476c618ede31ec7d4a168a5d5,Bcore/pine-core/src/main/cpp/ruler.cpp,9fc490c98e28774fc3906818905443ed27fe01912f11f2ed6a5b086da33bc818,440,false,none-detected,Pine-derived aggregate area,root declaration insufficient; per-file origin unresolved,exclude current Pine/Xposed layer
1,https://github.com/BlackBoxing/BlackBox,a0a330732c51dd9476c618ede31ec7d4a168a5d5,Bcore/pine-core/src/main/cpp/trampoline/arch/arch.h,de6ade8c0a29ee2edcbca0c2eb450e3ba3ec444db3763a6826950511110c1339,390,false,none-detected,Pine-derived aggregate area,root declaration insufficient; per-file origin unresolved,exclude current Pine/Xposed layer
1,https://github.com/BlackBoxing/BlackBox,a0a330732c51dd9476c618ede31ec7d4a168a5d5,Bcore/pine-core/src/main/cpp/trampoline/arch/arm32.S,8bd6cf0d5e911b4dff1aba5f59404c12e69d43ad848ed22b364f0021d6003434,2104,false,none-detected,Pine-derived aggregate area,root declaration insufficient; per-file origin unresolved,exclude current Pine/Xposed layer
1,https://github.com/BlackBoxing/BlackBox,a0a330732c51dd9476c618ede31ec7d4a168a5d5,Bcore/pine-core/src/main/cpp/trampoline/arch/arm32.cpp,fcf58924b252574db50a604d6b3af5340583ddf0280fc39ed86fa7d3405be1b1,1607,false,none-detected,Pine-derived aggregate area,root declaration insufficient; per-file origin unresolved,exclude current Pine/Xposed layer
1,https://github.com/BlackBoxing/BlackBox,a0a330732c51dd9476c618ede31ec7d4a168a5d5,Bcore/pine-core/src/main/cpp/trampoline/arch/arm32.h,3cd558c858b950eb9bea3b46848161db1273d48481853f98916c780f87ab25f8,694,false,none-detected,Pine-derived aggregate area,root declaration insufficient; per-file origin unresolved,exclude current Pine/Xposed layer
1,https://github.com/BlackBoxing/BlackBox,a0a330732c51dd9476c618ede31ec7d4a168a5d5,Bcore/pine-core/src/main/cpp/trampoline/arch/arm64.S,339cf40aed591f6094ec417bf9321cab32789a8687932d71e05396490e1ace9c,2703,false,none-detected,Pine-derived aggregate area,root declaration insufficient; per-file origin unresolved,exclude current Pine/Xposed layer
1,https://github.com/BlackBoxing/BlackBox,a0a330732c51dd9476c618ede31ec7d4a168a5d5,Bcore/pine-core/src/main/cpp/trampoline/arch/arm64.cpp,52b2611f58340dd39b320480bb632f7b6f6990829a29061832d85ae2029b3d08,3290,false,none-detected,Pine-derived aggregate area,root declaration insufficient; per-file origin unresolved,exclude current Pine/Xposed layer
1,https://github.com/BlackBoxing/BlackBox,a0a330732c51dd9476c618ede31ec7d4a168a5d5,Bcore/pine-core/src/main/cpp/trampoline/arch/arm64.h,e11fda66e1f615bfb886a59e8f07a8fad39e3b9f349db80ca3217b931af6430b,658,false,none-detected,Pine-derived aggregate area,root declaration insufficient; per-file origin unresolved,exclude current Pine/Xposed layer
1,https://github.com/BlackBoxing/BlackBox,a0a330732c51dd9476c618ede31ec7d4a168a5d5,Bcore/pine-core/src/main/cpp/trampoline/arch/thumb2.S,53a7f3e5cb24ed4e9881cabd471a6117bad0a432fad9b9f8d0b9a57211b26f8e,2660,false,none-detected,Pine-derived aggregate area,root declaration insufficient; per-file origin unresolved,exclude current Pine/Xposed layer
1,https://github.com/BlackBoxing/BlackBox,a0a330732c51dd9476c618ede31ec7d4a168a5d5,Bcore/pine-core/src/main/cpp/trampoline/arch/thumb2.cpp,554a86347b2849435d7361318f2726f848a11ab7f41110cb8f872ff5810896cd,6188,false,none-detected,Pine-derived aggregate area,root declaration insufficient; per-file origin unresolved,exclude current Pine/Xposed layer
1,https://github.com/BlackBoxing/BlackBox,a0a330732c51dd9476c618ede31ec7d4a168a5d5,Bcore/pine-core/src/main/cpp/trampoline/arch/thumb2.h,51d982738ac7d626fb01d11455f6902fb1a8dc7908dbc594db6a19e35653a145,2137,false,none-detected,Pine-derived aggregate area,root declaration insufficient; per-file origin unresolved,exclude current Pine/Xposed layer
1,https://github.com/BlackBoxing/BlackBox,a0a330732c51dd9476c618ede31ec7d4a168a5d5,Bcore/pine-core/src/main/cpp/trampoline/arch/trampolines.h,1924917b62d3dcad34a923f1d711e39da31e2db5edce9893f57c871ea9618e8a,1774,false,none-detected,Pine-derived aggregate area,root declaration insufficient; per-file origin unresolved,exclude current Pine/Xposed layer
1,https://github.com/BlackBoxing/BlackBox,a0a330732c51dd9476c618ede31ec7d4a168a5d5,Bcore/pine-core/src/main/cpp/trampoline/arch/x86.cpp,6448c7112618ab5bc7b2cbbae14d26f1ccc35e727f81ac48fced2e4d14995c5c,2951,false,none-detected,Pine-derived aggregate area,root declaration insufficient; per-file origin unresolved,exclude current Pine/Xposed layer
1,https://github.com/BlackBoxing/BlackBox,a0a330732c51dd9476c618ede31ec7d4a168a5d5,Bcore/pine-core/src/main/cpp/trampoline/arch/x86.h,fd05a94e238ad2d0e90b18ca2ba4ac2b1ff8be857cce8554f6d3ddf36cc6b814,1685,false,none-detected,Pine-derived aggregate area,root declaration insufficient; per-file origin unresolved,exclude current Pine/Xposed layer
1,https://github.com/BlackBoxing/BlackBox,a0a330732c51dd9476c618ede31ec7d4a168a5d5,Bcore/pine-core/src/main/cpp/trampoline/extras.h,42cc219563b5e48824b4dd96729377b20806cbcf0973bcfbe6f202799f951ff7,2297,false,none-detected,Pine-derived aggregate area,root declaration insufficient; per-file origin unresolved,exclude current Pine/Xposed layer
1,https://github.com/BlackBoxing/BlackBox,a0a330732c51dd9476c618ede31ec7d4a168a5d5,Bcore/pine-core/src/main/cpp/trampoline/trampoline_installer.cpp,c9b5a6e3bf83b416f77de2d07a5c05b3082180123bf6b5ea7371f76069101f04,8668,false,none-detected,Pine-derived aggregate area,root declaration insufficient; per-file origin unresolved,exclude current Pine/Xposed layer
1,https://github.com/BlackBoxing/BlackBox,a0a330732c51dd9476c618ede31ec7d4a168a5d5,Bcore/pine-core/src/main/cpp/trampoline/trampoline_installer.h,fe2046bbb8381276e2c21fdd9cd4224aeca8e232e3a5daaa6174b097d8a95333,6027,false,none-detected,Pine-derived aggregate area,root declaration insufficient; per-file origin unresolved,exclude current Pine/Xposed layer
1,https://github.com/BlackBoxing/BlackBox,a0a330732c51dd9476c618ede31ec7d4a168a5d5,Bcore/pine-core/src/main/cpp/utils/elf_img.cpp,3cf9149995283a90b3fbca5391218df1efebe503f77b92e89cdf7fddf822db13,8472,false,copyright-text,SandHook original; Pine/canyie modification,Anti-996-License-1.0 stated in file,exclude from import
1,https://github.com/BlackBoxing/BlackBox,a0a330732c51dd9476c618ede31ec7d4a168a5d5,Bcore/pine-core/src/main/cpp/utils/elf_img.h,06f97099143ecc9424c7fda597767e8b883c08a7d00ffcfbb31639b6ab56c66d,3298,false,copyright-text,SandHook original; Pine/canyie modification,Anti-996-License-1.0 stated in file,exclude from import
1,https://github.com/BlackBoxing/BlackBox,a0a330732c51dd9476c618ede31ec7d4a168a5d5,Bcore/pine-core/src/main/cpp/utils/io_wrapper.h,0a259f45330c2b9ff86b40dfdfb6649d2c134999e25eeb580996a5246a7b3b14,1657,false,none-detected,Pine-derived aggregate area,root declaration insufficient; per-file origin unresolved,exclude current Pine/Xposed layer
1,https://github.com/BlackBoxing/BlackBox,a0a330732c51dd9476c618ede31ec7d4a168a5d5,Bcore/pine-core/src/main/cpp/utils/jni_helper.h,d732234be17c86cf983edc2968014b203e069ac4615fef6bf88b221461c51237,993,false,none-detected,Pine-derived aggregate area,root declaration insufficient; per-file origin unresolved,exclude current Pine/Xposed layer
1,https://github.com/BlackBoxing/BlackBox,a0a330732c51dd9476c618ede31ec7d4a168a5d5,Bcore/pine-core/src/main/cpp/utils/lock.h,b7b4c6803b41c23b8b10787d86bbebb34667b2f381057799845ad2b8d86d798d,502,false,none-detected,Pine-derived aggregate area,root declaration insufficient; per-file origin unresolved,exclude current Pine/Xposed layer
1,https://github.com/BlackBoxing/BlackBox,a0a330732c51dd9476c618ede31ec7d4a168a5d5,Bcore/pine-core/src/main/cpp/utils/log.h,867973998d4cdc92e44c761fef86f55d961c7ae51e24b1413c844ad413685aee,1025,false,none-detected,Pine-derived aggregate area,root declaration insufficient; per-file origin unresolved,exclude current Pine/Xposed layer
1,https://github.com/BlackBoxing/BlackBox,a0a330732c51dd9476c618ede31ec7d4a168a5d5,Bcore/pine-core/src/main/cpp/utils/macros.h,81877eac63809cb6f68a1bf49663e22d8078cc8ecd9b1e7d5d4f1acaea98e16c,825,false,none-detected,Pine-derived aggregate area,root declaration insufficient; per-file origin unresolved,exclude current Pine/Xposed layer
1,https://github.com/BlackBoxing/BlackBox,a0a330732c51dd9476c618ede31ec7d4a168a5d5,Bcore/pine-core/src/main/cpp/utils/member.h,97fedd348c29827f3e9a2a46546dc89b12135009a3217f6ad56d19417ac554cd,1219,false,none-detected,Pine-derived aggregate area,root declaration insufficient; per-file origin unresolved,exclude current Pine/Xposed layer
1,https://github.com/BlackBoxing/BlackBox,a0a330732c51dd9476c618ede31ec7d4a168a5d5,Bcore/pine-core/src/main/cpp/utils/memory.cpp,9d75ece8ab4000bb107db3530eaa2a2dedb683c4d1e637b172a2b2e578502e4e,1567,false,none-detected,Pine-derived aggregate area,root declaration insufficient; per-file origin unresolved,exclude current Pine/Xposed layer
1,https://github.com/BlackBoxing/BlackBox,a0a330732c51dd9476c618ede31ec7d4a168a5d5,Bcore/pine-core/src/main/cpp/utils/memory.h,542876401915e6e652deed019aad45c377ce92656fd42193f9262ae8c8a0d948,1874,false,none-detected,Pine-derived aggregate area,root declaration insufficient; per-file origin unresolved,exclude current Pine/Xposed layer
1,https://github.com/BlackBoxing/BlackBox,a0a330732c51dd9476c618ede31ec7d4a168a5d5,Bcore/pine-core/src/main/cpp/utils/scoped_local_ref.h,65fe60ee55577cc934e00ad54c9e0980e1af62449c932d589cc49f3b568dc992,2780,false,none-detected,Pine-derived aggregate area,root declaration insufficient; per-file origin unresolved,exclude current Pine/Xposed layer
1,https://github.com/BlackBoxing/BlackBox,a0a330732c51dd9476c618ede31ec7d4a168a5d5,Bcore/pine-core/src/main/cpp/utils/scoped_memory_access_protection.cpp,29d66c8a25a3bbfa437feb638d0062e48a804a131a773d2f16bce749d2361e71,1395,false,none-detected,Pine-derived aggregate area,root declaration insufficient; per-file origin unresolved,exclude current Pine/Xposed layer
1,https://github.com/BlackBoxing/BlackBox,a0a330732c51dd9476c618ede31ec7d4a168a5d5,Bcore/pine-core/src/main/cpp/utils/scoped_memory_access_protection.h,59036977a773f93123b0291b54b3294e1db9ed7207a7ec8966c0a2dfc4849fe1,1584,false,none-detected,Pine-derived aggregate area,root declaration insufficient; per-file origin unresolved,exclude current Pine/Xposed layer
1,https://github.com/BlackBoxing/BlackBox,a0a330732c51dd9476c618ede31ec7d4a168a5d5,Bcore/pine-core/src/main/cpp/utils/well_known_classes.cpp,19ab779ed8886066e2ac75d852b427a1dbf76f79640b45abb8fb6e0f6ccca823,610,false,none-detected,Pine-derived aggregate area,root declaration insufficient; per-file origin unresolved,exclude current Pine/Xposed layer
1,https://github.com/BlackBoxing/BlackBox,a0a330732c51dd9476c618ede31ec7d4a168a5d5,Bcore/pine-core/src/main/cpp/utils/well_known_classes.h,825fdc9b6805b68375b32e53a2d856f284b1ee3275fc7791c566af99c2e1e51e,1980,false,none-detected,Pine-derived aggregate area,root declaration insufficient; per-file origin unresolved,exclude current Pine/Xposed layer
1,https://github.com/BlackBoxing/BlackBox,a0a330732c51dd9476c618ede31ec7d4a168a5d5,Bcore/pine-core/src/main/java/top/canyie/pine/Pine.java,4be8061e3a5b9e6cedad606ed368d2392b7c6588472488f2810aae81c1ca2e58,42862,false,none-detected,Pine-derived aggregate area,root declaration insufficient; per-file origin unresolved,exclude current Pine/Xposed layer
1,https://github.com/BlackBoxing/BlackBox,a0a330732c51dd9476c618ede31ec7d4a168a5d5,Bcore/pine-core/src/main/java/top/canyie/pine/PineConfig.java,e7899f91bf0af6ac49fbde0122c89ad1c00736b3a2707d6a12c040813c5525f1,1715,false,none-detected,Pine-derived aggregate area,root declaration insufficient; per-file origin unresolved,exclude current Pine/Xposed layer
1,https://github.com/BlackBoxing/BlackBox,a0a330732c51dd9476c618ede31ec7d4a168a5d5,Bcore/pine-core/src/main/java/top/canyie/pine/Ruler.java,3ddc1ecd4788b9e1c41e6055ab051a0b5c497f6f4d39b507f5c8cedaa8abcdba,315,false,none-detected,Pine-derived aggregate area,root declaration insufficient; per-file origin unresolved,exclude current Pine/Xposed layer
1,https://github.com/BlackBoxing/BlackBox,a0a330732c51dd9476c618ede31ec7d4a168a5d5,Bcore/pine-core/src/main/java/top/canyie/pine/callback/MethodHook.java,ea708b6140d824f37cec59f4e0141d9c0b962aedeb20d753bc46d99a7d1654a1,1977,false,none-detected,Pine-derived aggregate area,root declaration insufficient; per-file origin unresolved,exclude current Pine/Xposed layer
1,https://github.com/BlackBoxing/BlackBox,a0a330732c51dd9476c618ede31ec7d4a168a5d5,Bcore/pine-core/src/main/java/top/canyie/pine/callback/MethodReplacement.java,1e52a4f6a84cfc01b2e53a1e8cb5980bdd63488885db90c9a730204031481c3e,2307,false,none-detected,Pine-derived aggregate area,root declaration insufficient; per-file origin unresolved,exclude current Pine/Xposed layer
1,https://github.com/BlackBoxing/BlackBox,a0a330732c51dd9476c618ede31ec7d4a168a5d5,Bcore/pine-core/src/main/java/top/canyie/pine/entry/Arm32Entry.java,067db05b7b4bc7d5288f20170c158220b5115fc118cee6779c01326af492be4d,11105,false,none-detected,Pine-derived aggregate area,root declaration insufficient; per-file origin unresolved,exclude current Pine/Xposed layer
1,https://github.com/BlackBoxing/BlackBox,a0a330732c51dd9476c618ede31ec7d4a168a5d5,Bcore/pine-core/src/main/java/top/canyie/pine/entry/Arm64Entry.java,f57724ab513f45280431b088445105b2e58c3c2d7e9cd0f541e1e8c72f3e1b7c,10211,false,none-detected,Pine-derived aggregate area,root declaration insufficient; per-file origin unresolved,exclude current Pine/Xposed layer
1,https://github.com/BlackBoxing/BlackBox,a0a330732c51dd9476c618ede31ec7d4a168a5d5,Bcore/pine-core/src/main/java/top/canyie/pine/entry/X86Entry.java,85339412c8b0e0281aff7ee0b59650385c5ded84dd899ee02bb0175789ddca25,4812,false,none-detected,Pine-derived aggregate area,root declaration insufficient; per-file origin unresolved,exclude current Pine/Xposed layer
1,https://github.com/BlackBoxing/BlackBox,a0a330732c51dd9476c618ede31ec7d4a168a5d5,Bcore/pine-core/src/main/java/top/canyie/pine/utils/Primitives.java,156f45b88389c4bf34271dd05a28c9d204a2c3341402f1ccd504713729acc63d,6874,false,none-detected,Pine-derived aggregate area,root declaration insufficient; per-file origin unresolved,exclude current Pine/Xposed layer
1,https://github.com/BlackBoxing/BlackBox,a0a330732c51dd9476c618ede31ec7d4a168a5d5,Bcore/pine-core/src/main/java/top/canyie/pine/utils/ReflectionHelper.java,51e6a1771e6820ed3363b3fb792ef404edb03e023ecc72f90c6187511694bfe4,3226,false,none-detected,Pine-derived aggregate area,root declaration insufficient; per-file origin unresolved,exclude current Pine/Xposed layer
1,https://github.com/BlackBoxing/BlackBox,a0a330732c51dd9476c618ede31ec7d4a168a5d5,Bcore/pine-core/src/main/java/top/canyie/pine/utils/Three.java,4e5410f2a7a0fa108c7c3945e5456e653ab0ab3ab3cf6d5e97490bf0f68f480d,864,false,none-detected,Pine-derived aggregate area,root declaration insufficient; per-file origin unresolved,exclude current Pine/Xposed layer
1,https://github.com/BlackBoxing/BlackBox,a0a330732c51dd9476c618ede31ec7d4a168a5d5,Bcore/pine-xposed-res/.gitignore,d96f1d5b78765c2d3024439e9b0d38adcc23ece44a4f6e7427d86f4ca2df6607,8,false,none-detected,Pine-derived aggregate area,root declaration insufficient; per-file origin unresolved,exclude current Pine/Xposed layer
1,https://github.com/BlackBoxing/BlackBox,a0a330732c51dd9476c618ede31ec7d4a168a5d5,Bcore/pine-xposed-res/build.gradle,236121233f1d89d22fae4d85d42361e32b74f1e11ac1962a9f7e3584b263430f,1604,false,none-detected,Pine-derived aggregate area,root declaration insufficient; per-file origin unresolved,exclude current Pine/Xposed layer
1,https://github.com/BlackBoxing/BlackBox,a0a330732c51dd9476c618ede31ec7d4a168a5d5,Bcore/pine-xposed-res/proguard-rules.pro,1a6842b1a1c99dc91fd7443d18a894a60b9439aa43844dd3d4e3b056d4d9d2b7,1124,false,none-detected,Pine-derived aggregate area,root declaration insufficient; per-file origin unresolved,exclude current Pine/Xposed layer
1,https://github.com/BlackBoxing/BlackBox,a0a330732c51dd9476c618ede31ec7d4a168a5d5,Bcore/pine-xposed-res/src/main/AndroidManifest.xml,446a2f52d6f6ddf994696c305e8abfbf7ee9e48daca88c6313351be9a20fe8b4,118,false,none-detected,Pine-derived aggregate area,root declaration insufficient; per-file origin unresolved,exclude current Pine/Xposed layer
1,https://github.com/BlackBoxing/BlackBox,a0a330732c51dd9476c618ede31ec7d4a168a5d5,Bcore/pine-xposed-res/src/main/java/android/app/AndroidAppHelper.java,a5c1f0e39e80af9652e7391656d53c1ed2cc5eafef40a4fd7c751267ee410bc3,10261,false,none-detected,Pine-derived aggregate area,root declaration insufficient; per-file origin unresolved,exclude current Pine/Xposed layer
1,https://github.com/BlackBoxing/BlackBox,a0a330732c51dd9476c618ede31ec7d4a168a5d5,Bcore/pine-xposed-res/src/main/java/android/content/res/CompatibilityInfo.java,4dc3c6cddc0b10a1d210e8964c432d165aa6db4097d163dd1615cc8ed6284782,446,false,none-detected,Pine-derived aggregate area,root declaration insufficient; per-file origin unresolved,exclude current Pine/Xposed layer
1,https://github.com/BlackBoxing/BlackBox,a0a330732c51dd9476c618ede31ec7d4a168a5d5,Bcore/pine-xposed-res/src/main/java/android/content/res/XModuleResources.java,10d81628d8c4cffaeb0cf23331def5dd1b8e945ae7d19802e5214c935e4c4a4f,2105,false,none-detected,Pine-derived aggregate area,root declaration insufficient; per-file origin unresolved,exclude current Pine/Xposed layer
1,https://github.com/BlackBoxing/BlackBox,a0a330732c51dd9476c618ede31ec7d4a168a5d5,Bcore/pine-xposed-res/src/main/java/android/content/res/XResForwarder.java,facc4c6aa8f1185dd160d25bd331b6cfcac62669fa4bb9a984f05e51286e0397,914,false,none-detected,Pine-derived aggregate area,root declaration insufficient; per-file origin unresolved,exclude current Pine/Xposed layer
1,https://github.com/BlackBoxing/BlackBox,a0a330732c51dd9476c618ede31ec7d4a168a5d5,Bcore/pine-xposed-res/src/main/java/android/content/res/XResources.java,a4a32fc97a2a6b7c46ec54e51507258cca30a3907178e6063021341493a1d033,58293,false,none-detected,Pine-derived aggregate area,root declaration insufficient; per-file origin unresolved,exclude current Pine/Xposed layer
1,https://github.com/BlackBoxing/BlackBox,a0a330732c51dd9476c618ede31ec7d4a168a5d5,Bcore/pine-xposed-res/src/main/java/de/robv/android/xposed/DexCreator.java,02980e41ef832d61ec27310c2d359ed5c85ac09ed8b5bd1cceb0c0d4dd14b1ed,9817,false,none-detected,Pine-derived aggregate area,root declaration insufficient; per-file origin unresolved,exclude current Pine/Xposed layer
1,https://github.com/BlackBoxing/BlackBox,a0a330732c51dd9476c618ede31ec7d4a168a5d5,Bcore/pine-xposed-res/src/main/java/de/robv/android/xposed/IXposedHookInitPackageResources.java,0aace4cdbd18b815e09e249a91d660e7fe8948a218dbcbe456d930e5b81ce767,1427,false,none-detected,Pine-derived aggregate area,root declaration insufficient; per-file origin unresolved,exclude current Pine/Xposed layer
1,https://github.com/BlackBoxing/BlackBox,a0a330732c51dd9476c618ede31ec7d4a168a5d5,Bcore/pine-xposed-res/src/main/java/de/robv/android/xposed/SELinuxHelper.java,930c1cb15bd4e4f8bc0b5dead346b49ce1ea8b1beead0ab24607b63d850f5050,4356,false,none-detected,Pine-derived aggregate area,root declaration insufficient; per-file origin unresolved,exclude current Pine/Xposed layer
1,https://github.com/BlackBoxing/BlackBox,a0a330732c51dd9476c618ede31ec7d4a168a5d5,Bcore/pine-xposed-res/src/main/java/de/robv/android/xposed/callbacks/XC_InitPackageResources.java,9990dc275d96cb289464d0b397738dda441bc90b6fc60a4059f833d901c39549,1603,false,none-detected,Pine-derived aggregate area,root declaration insufficient; per-file origin unresolved,exclude current Pine/Xposed layer
1,https://github.com/BlackBoxing/BlackBox,a0a330732c51dd9476c618ede31ec7d4a168a5d5,Bcore/pine-xposed-res/src/main/java/de/robv/android/xposed/callbacks/XC_LayoutInflated.java,bea6fb84800c1cb2320c7e32bb5ddb0bb7d39817f4ec0269eb0550c2fc8055ba,2536,false,none-detected,Pine-derived aggregate area,root declaration insufficient; per-file origin unresolved,exclude current Pine/Xposed layer
1,https://github.com/BlackBoxing/BlackBox,a0a330732c51dd9476c618ede31ec7d4a168a5d5,Bcore/pine-xposed-res/src/main/java/de/robv/android/xposed/services/BaseService.java,c6a46ae16bb5604e20a1f0e8d67a438d1db33844ad38fbdd80bcc853d055ae20,7826,false,none-detected,Pine-derived aggregate area,root declaration insufficient; per-file origin unresolved,exclude current Pine/Xposed layer
1,https://github.com/BlackBoxing/BlackBox,a0a330732c51dd9476c618ede31ec7d4a168a5d5,Bcore/pine-xposed-res/src/main/java/de/robv/android/xposed/services/DirectAccessService.java,df6311e32f04df327b9662dcbafd772cae648048e27e620615c5d6f3ee61998b,4106,false,none-detected,Pine-derived aggregate area,root declaration insufficient; per-file origin unresolved,exclude current Pine/Xposed layer
1,https://github.com/BlackBoxing/BlackBox,a0a330732c51dd9476c618ede31ec7d4a168a5d5,Bcore/pine-xposed-res/src/main/java/de/robv/android/xposed/services/FileResult.java,0b3a0d27306b38412e6d5adc000f013426e968711c857d156476228f7bbc7508,1742,false,none-detected,Pine-derived aggregate area,root declaration insufficient; per-file origin unresolved,exclude current Pine/Xposed layer
1,https://github.com/BlackBoxing/BlackBox,a0a330732c51dd9476c618ede31ec7d4a168a5d5,Bcore/pine-xposed-res/src/main/java/top/canyie/dreamland/utils/IOUtils.java,84dc65366608af7c640e8018fc91fc88fb4d11a14c5242f018f146ee979743b0,2384,false,none-detected,Pine-derived aggregate area,root declaration insufficient; per-file origin unresolved,exclude current Pine/Xposed layer
1,https://github.com/BlackBoxing/BlackBox,a0a330732c51dd9476c618ede31ec7d4a168a5d5,Bcore/pine-xposed-res/src/main/java/xposed/dummy/XResourcesSuperClass.java,258cfe0f0d9ee343f294927e80b10f55dec540fa6fab65f6c40f77695cac531f,685,false,none-detected,Pine-derived aggregate area,root declaration insufficient; per-file origin unresolved,exclude current Pine/Xposed layer
1,https://github.com/BlackBoxing/BlackBox,a0a330732c51dd9476c618ede31ec7d4a168a5d5,Bcore/pine-xposed/build.gradle,b592536112d87c5d12e7296df7fcdaafac0db8c8c539dcd0b3eaa2165e7962c0,1103,false,none-detected,Pine-derived aggregate area,root declaration insufficient; per-file origin unresolved,exclude current Pine/Xposed layer
1,https://github.com/BlackBoxing/BlackBox,a0a330732c51dd9476c618ede31ec7d4a168a5d5,Bcore/pine-xposed/src/main/AndroidManifest.xml,5b768ab1d63caf7106815d750f27788a0ef31fda51dbe4f26ea7775b6e234614,111,false,none-detected,Pine-derived aggregate area,root declaration insufficient; per-file origin unresolved,exclude current Pine/Xposed layer
1,https://github.com/BlackBoxing/BlackBox,a0a330732c51dd9476c618ede31ec7d4a168a5d5,Bcore/pine-xposed/src/main/apacheCommonsLang/LICENSE.txt,3ddf9be5c28fe27dad143a5dc76eea25222ad1dd68934a047064e56ed2fa40c5,11560,false,Apache-text;copyright-text,Apache Commons Lang / noted Spring-derived method,Apache-2.0 with bundled LICENSE/NOTICE,do not copy; prefer locked dependency
1,https://github.com/BlackBoxing/BlackBox,a0a330732c51dd9476c618ede31ec7d4a168a5d5,Bcore/pine-xposed/src/main/apacheCommonsLang/MODIFICATIONS.txt,814596e2ca7bc6fc9c625d66513cf9d5adc24033716191c2f6e1c67cfd325edc,1287,false,none-detected,Apache Commons Lang / noted Spring-derived method,Apache-2.0 with bundled LICENSE/NOTICE,do not copy; prefer locked dependency
1,https://github.com/BlackBoxing/BlackBox,a0a330732c51dd9476c618ede31ec7d4a168a5d5,Bcore/pine-xposed/src/main/apacheCommonsLang/NOTICE.txt,2735ae708dbb767fbe73d9f79756fe135901e37e718d3b6c209e911ed9131fd6,309,false,Apache-text;copyright-text,Apache Commons Lang / noted Spring-derived method,Apache-2.0 with bundled LICENSE/NOTICE,do not copy; prefer locked dependency
1,https://github.com/BlackBoxing/BlackBox,a0a330732c51dd9476c618ede31ec7d4a168a5d5,Bcore/pine-xposed/src/main/apacheCommonsLang/RELEASE-NOTES.txt,9294d7f8e371cda41173e315aaa39ef5c63629349c3e523527a9c07df258a0f7,1835,false,none-detected,Apache Commons Lang / noted Spring-derived method,Apache-2.0 with bundled LICENSE/NOTICE,do not copy; prefer locked dependency
1,https://github.com/BlackBoxing/BlackBox,a0a330732c51dd9476c618ede31ec7d4a168a5d5,Bcore/pine-xposed/src/main/apacheCommonsLang/external/org/apache/commons/lang3/ArrayUtils.java,196fad337d8f6fb202549ce2099afda5e57698c5260c9d68c4f5ff2e533fdf06,237281,false,Apache-text;copyright-text,Apache Commons Lang / noted Spring-derived method,Apache-2.0 with bundled LICENSE/NOTICE,do not copy; prefer locked dependency
1,https://github.com/BlackBoxing/BlackBox,a0a330732c51dd9476c618ede31ec7d4a168a5d5,Bcore/pine-xposed/src/main/apacheCommonsLang/external/org/apache/commons/lang3/CharSequenceUtils.java,e168fbfba2393631f93a6f36f1d0b8529457c9b60cc4893441585a0ff6bf07b7,8153,false,Apache-text;copyright-text,Apache Commons Lang / noted Spring-derived method,Apache-2.0 with bundled LICENSE/NOTICE,do not copy; prefer locked dependency
1,https://github.com/BlackBoxing/BlackBox,a0a330732c51dd9476c618ede31ec7d4a168a5d5,Bcore/pine-xposed/src/main/apacheCommonsLang/external/org/apache/commons/lang3/CharUtils.java,074068df8c4d59d238171474e251eb09a4fe7867885e564075fa4e1b6ed67fef,18713,false,Apache-text;copyright-text,Apache Commons Lang / noted Spring-derived method,Apache-2.0 with bundled LICENSE/NOTICE,do not copy; prefer locked dependency
1,https://github.com/BlackBoxing/BlackBox,a0a330732c51dd9476c618ede31ec7d4a168a5d5,Bcore/pine-xposed/src/main/apacheCommonsLang/external/org/apache/commons/lang3/ClassUtils.java,225c80c0c1cc5e8b51d8488ce130cc92dca0becea30dfc2a8771c1b26675e576,46632,false,Apache-text;copyright-text,Apache Commons Lang / noted Spring-derived method,Apache-2.0 with bundled LICENSE/NOTICE,do not copy; prefer locked dependency
1,https://github.com/BlackBoxing/BlackBox,a0a330732c51dd9476c618ede31ec7d4a168a5d5,Bcore/pine-xposed/src/main/apacheCommonsLang/external/org/apache/commons/lang3/JavaVersion.java,e11dbc6bcc62e9cda303b9da5eac05266f8a5f10be2dbe5071e75d56b9c90cd2,4690,false,Apache-text;copyright-text,Apache Commons Lang / noted Spring-derived method,Apache-2.0 with bundled LICENSE/NOTICE,do not copy; prefer locked dependency
1,https://github.com/BlackBoxing/BlackBox,a0a330732c51dd9476c618ede31ec7d4a168a5d5,Bcore/pine-xposed/src/main/apacheCommonsLang/external/org/apache/commons/lang3/ObjectUtils.java,c90149ab671c4803f2b6a1a9e0deee5164759d35be35b00142888c366b3f6b46,24186,false,Apache-text;copyright-text,Apache Commons Lang / noted Spring-derived method,Apache-2.0 with bundled LICENSE/NOTICE,do not copy; prefer locked dependency
1,https://github.com/BlackBoxing/BlackBox,a0a330732c51dd9476c618ede31ec7d4a168a5d5,Bcore/pine-xposed/src/main/apacheCommonsLang/external/org/apache/commons/lang3/StringUtils.java,0bc47cf1c05d7fa3de1347e6aeb8c5d6acfce4901f5d39b928214bbc1e9990fc,273309,false,Apache-text;copyright-text,Apache Commons Lang / noted Spring-derived method,Apache-2.0 with bundled LICENSE/NOTICE,do not copy; prefer locked dependency
1,https://github.com/BlackBoxing/BlackBox,a0a330732c51dd9476c618ede31ec7d4a168a5d5,Bcore/pine-xposed/src/main/apacheCommonsLang/external/org/apache/commons/lang3/SystemUtils.java,bd78a65365d75437126267c7e38d72cb1672a79b981f63c99423f4e8c52fbdd7,51406,false,Apache-text;copyright-text,Apache Commons Lang / noted Spring-derived method,Apache-2.0 with bundled LICENSE/NOTICE,do not copy; prefer locked dependency
1,https://github.com/BlackBoxing/BlackBox,a0a330732c51dd9476c618ede31ec7d4a168a5d5,Bcore/pine-xposed/src/main/apacheCommonsLang/external/org/apache/commons/lang3/Validate.java,a4fa53dbde3da478ce9b1db0ceb26e31760d116d227190d65e3821cb15ed8a7b,50226,false,Apache-text;copyright-text,Apache Commons Lang / noted Spring-derived method,Apache-2.0 with bundled LICENSE/NOTICE,do not copy; prefer locked dependency
1,https://github.com/BlackBoxing/BlackBox,a0a330732c51dd9476c618ede31ec7d4a168a5d5,Bcore/pine-xposed/src/main/apacheCommonsLang/external/org/apache/commons/lang3/builder/Builder.java,fb3cadc6ac91623c713ee70a41a8be91aec1633325d551a371e6bd8c161ba0c9,3177,false,Apache-text;copyright-text,Apache Commons Lang / noted Spring-derived method,Apache-2.0 with bundled LICENSE/NOTICE,do not copy; prefer locked dependency
1,https://github.com/BlackBoxing/BlackBox,a0a330732c51dd9476c618ede31ec7d4a168a5d5,Bcore/pine-xposed/src/main/apacheCommonsLang/external/org/apache/commons/lang3/builder/CompareToBuilder.java,b70807ce52c58ffc5c7446647c7876b87db1391e262ab3a228be6f6a6eaaf39a,38033,false,Apache-text;copyright-text,Apache Commons Lang / noted Spring-derived method,Apache-2.0 with bundled LICENSE/NOTICE,do not copy; prefer locked dependency
1,https://github.com/BlackBoxing/BlackBox,a0a330732c51dd9476c618ede31ec7d4a168a5d5,Bcore/pine-xposed/src/main/apacheCommonsLang/external/org/apache/commons/lang3/builder/EqualsBuilder.java,58b619d30e8cd17856802492ae86ea1be74635e1a672949393a5647d7cd47b07,33249,false,Apache-text;copyright-text,Apache Commons Lang / noted Spring-derived method,Apache-2.0 with bundled LICENSE/NOTICE,do not copy; prefer locked dependency
1,https://github.com/BlackBoxing/BlackBox,a0a330732c51dd9476c618ede31ec7d4a168a5d5,Bcore/pine-xposed/src/main/apacheCommonsLang/external/org/apache/commons/lang3/builder/HashCodeBuilder.java,b729f39963ca1e6fb4ce55e7d78ed73c9030d7c2d52c101bd395cb5215490747,32900,false,Apache-text;copyright-text,Apache Commons Lang / noted Spring-derived method,Apache-2.0 with bundled LICENSE/NOTICE,do not copy; prefer locked dependency
1,https://github.com/BlackBoxing/BlackBox,a0a330732c51dd9476c618ede31ec7d4a168a5d5,Bcore/pine-xposed/src/main/apacheCommonsLang/external/org/apache/commons/lang3/builder/IDKey.java,2668924ba0b4b8cb82f7d0b32922ae0b7d30ae2f755021b15ca72cd9584f4cb1,2517,false,Apache-text;copyright-text,Apache Commons Lang / noted Spring-derived method,Apache-2.0 with bundled LICENSE/NOTICE,do not copy; prefer locked dependency
1,https://github.com/BlackBoxing/BlackBox,a0a330732c51dd9476c618ede31ec7d4a168a5d5,Bcore/pine-xposed/src/main/apacheCommonsLang/external/org/apache/commons/lang3/builder/ReflectionToStringBuilder.java,879c724af825ca21798180551b9e95c7e55b66d958af8c5f5d9a663ab560a83e,24731,false,Apache-text;copyright-text,Apache Commons Lang / noted Spring-derived method,Apache-2.0 with bundled LICENSE/NOTICE,do not copy; prefer locked dependency
1,https://github.com/BlackBoxing/BlackBox,a0a330732c51dd9476c618ede31ec7d4a168a5d5,Bcore/pine-xposed/src/main/apacheCommonsLang/external/org/apache/commons/lang3/builder/ToStringBuilder.java,2b1e72c1d5a8f14768979d271132694d7d4d41178ff8826e07c83628a5ec0e63,37154,false,Apache-text;copyright-text,Apache Commons Lang / noted Spring-derived method,Apache-2.0 with bundled LICENSE/NOTICE,do not copy; prefer locked dependency
1,https://github.com/BlackBoxing/BlackBox,a0a330732c51dd9476c618ede31ec7d4a168a5d5,Bcore/pine-xposed/src/main/apacheCommonsLang/external/org/apache/commons/lang3/builder/ToStringStyle.java,ad2055daf10a24821ba66779debc707ac5570c461e8d382ab92a80e0bdfe10cc,77210,false,Apache-text;copyright-text,Apache Commons Lang / noted Spring-derived method,Apache-2.0 with bundled LICENSE/NOTICE,do not copy; prefer locked dependency
1,https://github.com/BlackBoxing/BlackBox,a0a330732c51dd9476c618ede31ec7d4a168a5d5,Bcore/pine-xposed/src/main/apacheCommonsLang/external/org/apache/commons/lang3/builder/package.html,00cbe106c9d68c8a09750866802f566b5db059f9d1a071bc3006b6dfcbb79502,1177,false,Apache-text;copyright-text,Apache Commons Lang / noted Spring-derived method,Apache-2.0 with bundled LICENSE/NOTICE,do not copy; prefer locked dependency
1,https://github.com/BlackBoxing/BlackBox,a0a330732c51dd9476c618ede31ec7d4a168a5d5,Bcore/pine-xposed/src/main/apacheCommonsLang/external/org/apache/commons/lang3/exception/CloneFailedException.java,1a52362a30100193211997c1f04196a4985f9671d3f54f059a9e39c3e1febd1a,2122,false,Apache-text;copyright-text,Apache Commons Lang / noted Spring-derived method,Apache-2.0 with bundled LICENSE/NOTICE,do not copy; prefer locked dependency
1,https://github.com/BlackBoxing/BlackBox,a0a330732c51dd9476c618ede31ec7d4a168a5d5,Bcore/pine-xposed/src/main/apacheCommonsLang/external/org/apache/commons/lang3/exception/package.html,6a26a8d016fbf8fe7c62c0df2914cd116bf95bcfd1f80d2e1edd154fa1b7a7be,1260,false,Apache-text;copyright-text,Apache Commons Lang / noted Spring-derived method,Apache-2.0 with bundled LICENSE/NOTICE,do not copy; prefer locked dependency
1,https://github.com/BlackBoxing/BlackBox,a0a330732c51dd9476c618ede31ec7d4a168a5d5,Bcore/pine-xposed/src/main/apacheCommonsLang/external/org/apache/commons/lang3/mutable/Mutable.java,ac5fb4cbe13ed3b8da987f6e8532b0609569d1c0d5ec4863ffe3d1cdebd5f2c4,2005,false,Apache-text;copyright-text,Apache Commons Lang / noted Spring-derived method,Apache-2.0 with bundled LICENSE/NOTICE,do not copy; prefer locked dependency
1,https://github.com/BlackBoxing/BlackBox,a0a330732c51dd9476c618ede31ec7d4a168a5d5,Bcore/pine-xposed/src/main/apacheCommonsLang/external/org/apache/commons/lang3/mutable/MutableInt.java,a44164b92192d9cc2ce78ffb9a2425bce458e89c0e17b79c1d4f3ec25482b776,8049,false,Apache-text;copyright-text,Apache Commons Lang / noted Spring-derived method,Apache-2.0 with bundled LICENSE/NOTICE,do not copy; prefer locked dependency
1,https://github.com/BlackBoxing/BlackBox,a0a330732c51dd9476c618ede31ec7d4a168a5d5,Bcore/pine-xposed/src/main/apacheCommonsLang/external/org/apache/commons/lang3/mutable/package.html,37aea580cf78e53755e8410c67f53e43b1292e6757e82ffd547169f94c438620,1049,false,Apache-text;copyright-text,Apache Commons Lang / noted Spring-derived method,Apache-2.0 with bundled LICENSE/NOTICE,do not copy; prefer locked dependency
1,https://github.com/BlackBoxing/BlackBox,a0a330732c51dd9476c618ede31ec7d4a168a5d5,Bcore/pine-xposed/src/main/apacheCommonsLang/external/org/apache/commons/lang3/overview.html,403f34104419510e7121afff0490258df57f23435b7b3a0b49aa91cc5771e674,903,false,Apache-text;copyright-text,Apache Commons Lang / noted Spring-derived method,Apache-2.0 with bundled LICENSE/NOTICE,do not copy; prefer locked dependency
1,https://github.com/BlackBoxing/BlackBox,a0a330732c51dd9476c618ede31ec7d4a168a5d5,Bcore/pine-xposed/src/main/apacheCommonsLang/external/org/apache/commons/lang3/package.html,53a7ba8089ccb82d5a135d844398c8853d43d195dbd1568196d5f627cbcf46d1,1098,false,Apache-text;copyright-text,Apache Commons Lang / noted Spring-derived method,Apache-2.0 with bundled LICENSE/NOTICE,do not copy; prefer locked dependency
1,https://github.com/BlackBoxing/BlackBox,a0a330732c51dd9476c618ede31ec7d4a168a5d5,Bcore/pine-xposed/src/main/apacheCommonsLang/external/org/apache/commons/lang3/reflect/MemberUtils.java,f044a80176f37adcb7298012b49766bfa55c5028c5d90eb7d70a08fb8afea800,7532,false,Apache-text;copyright-text,Apache Commons Lang / noted Spring-derived method,Apache-2.0 with bundled LICENSE/NOTICE,do not copy; prefer locked dependency
1,https://github.com/BlackBoxing/BlackBox,a0a330732c51dd9476c618ede31ec7d4a168a5d5,Bcore/pine-xposed/src/main/apacheCommonsLang/external/org/apache/commons/lang3/reflect/MethodUtils.java,40bf1b6c43b870c570c6d6b1323494b8fed194391872ae19dac99fffce8e1151,23646,false,Apache-text;copyright-text,Apache Commons Lang / noted Spring-derived method,Apache-2.0 with bundled LICENSE/NOTICE,do not copy; prefer locked dependency
1,https://github.com/BlackBoxing/BlackBox,a0a330732c51dd9476c618ede31ec7d4a168a5d5,Bcore/pine-xposed/src/main/apacheCommonsLang/external/org/apache/commons/lang3/reflect/package.html,af1a5ca1fb23198d32b5649cf5e7bec0e8abfcf87982babc43732a72e1fb2b7a,1085,false,Apache-text;copyright-text,Apache Commons Lang / noted Spring-derived method,Apache-2.0 with bundled LICENSE/NOTICE,do not copy; prefer locked dependency
1,https://github.com/BlackBoxing/BlackBox,a0a330732c51dd9476c618ede31ec7d4a168a5d5,Bcore/pine-xposed/src/main/apacheCommonsLang/external/org/apache/commons/lang3/tuple/ImmutablePair.java,4b25882f97b8631f48ed00dc46e5f487c2b1bf55343eb05ffb9f8b2ceb2bfa4f,3401,false,Apache-text;copyright-text,Apache Commons Lang / noted Spring-derived method,Apache-2.0 with bundled LICENSE/NOTICE,do not copy; prefer locked dependency
1,https://github.com/BlackBoxing/BlackBox,a0a330732c51dd9476c618ede31ec7d4a168a5d5,Bcore/pine-xposed/src/main/apacheCommonsLang/external/org/apache/commons/lang3/tuple/Pair.java,c22e3c97123af99b1906fb511f87d78377b17032de93e3e4f7852136684bc0df,6453,false,Apache-text;copyright-text,Apache Commons Lang / noted Spring-derived method,Apache-2.0 with bundled LICENSE/NOTICE,do not copy; prefer locked dependency
1,https://github.com/BlackBoxing/BlackBox,a0a330732c51dd9476c618ede31ec7d4a168a5d5,Bcore/pine-xposed/src/main/apacheCommonsLang/external/org/apache/commons/lang3/tuple/package.html,2198ab34ee5b18493f20a14df78057b5214c8baf34c51e9ad7cd8f8e7777b9c3,886,false,Apache-text;copyright-text,Apache Commons Lang / noted Spring-derived method,Apache-2.0 with bundled LICENSE/NOTICE,do not copy; prefer locked dependency
1,https://github.com/BlackBoxing/BlackBox,a0a330732c51dd9476c618ede31ec7d4a168a5d5,Bcore/pine-xposed/src/main/java/com/android/internal/util/XmlUtils.java,2771d84a754a9fec63cf14b07ecaad67f61c747966a538a1c11116b4f9f0bc15,588,false,none-detected,Pine-derived aggregate area,root declaration insufficient; per-file origin unresolved,exclude current Pine/Xposed layer
1,https://github.com/BlackBoxing/BlackBox,a0a330732c51dd9476c618ede31ec7d4a168a5d5,Bcore/pine-xposed/src/main/java/de/robv/android/xposed/IXposedHookLoadPackage.java,bf8390ccc7e83b6f953f4e81752b2586d6a79168bc6a63712fd2c628b1a35a6a,1290,false,none-detected,Pine-derived aggregate area,root declaration insufficient; per-file origin unresolved,exclude current Pine/Xposed layer
1,https://github.com/BlackBoxing/BlackBox,a0a330732c51dd9476c618ede31ec7d4a168a5d5,Bcore/pine-xposed/src/main/java/de/robv/android/xposed/IXposedHookZygoteInit.java,38c6f7821816a251f1fde1818c854474d9682b87f5ef4b8ec53a6a4ca63c7ed7,1499,false,none-detected,Pine-derived aggregate area,root declaration insufficient; per-file origin unresolved,exclude current Pine/Xposed layer
1,https://github.com/BlackBoxing/BlackBox,a0a330732c51dd9476c618ede31ec7d4a168a5d5,Bcore/pine-xposed/src/main/java/de/robv/android/xposed/IXposedMod.java,caab98347678df6e2328f105eb021e1f0c96532fe274d246d9459cc10c8bba84,158,false,none-detected,Pine-derived aggregate area,root declaration insufficient; per-file origin unresolved,exclude current Pine/Xposed layer
1,https://github.com/BlackBoxing/BlackBox,a0a330732c51dd9476c618ede31ec7d4a168a5d5,Bcore/pine-xposed/src/main/java/de/robv/android/xposed/XC_MethodHook.java,7645e1b108a30138e3e0a181b822b07228acabca852f803787b3aca45bfac043,4629,false,none-detected,Pine-derived aggregate area,root declaration insufficient; per-file origin unresolved,exclude current Pine/Xposed layer
1,https://github.com/BlackBoxing/BlackBox,a0a330732c51dd9476c618ede31ec7d4a168a5d5,Bcore/pine-xposed/src/main/java/de/robv/android/xposed/XC_MethodReplacement.java,1b46974f26d6ee5450c44f0e1e7d6f70e234fe4ddb31e6955a509107d693ad48,2681,false,none-detected,Pine-derived aggregate area,root declaration insufficient; per-file origin unresolved,exclude current Pine/Xposed layer
1,https://github.com/BlackBoxing/BlackBox,a0a330732c51dd9476c618ede31ec7d4a168a5d5,Bcore/pine-xposed/src/main/java/de/robv/android/xposed/XSharedPreferences.java,ce32444f8206afeeba7339b4866e2f25562ce6ce7f6539b6ac03c1eb5184fdd8,9233,false,none-detected,Pine-derived aggregate area,root declaration insufficient; per-file origin unresolved,exclude current Pine/Xposed layer
1,https://github.com/BlackBoxing/BlackBox,a0a330732c51dd9476c618ede31ec7d4a168a5d5,Bcore/pine-xposed/src/main/java/de/robv/android/xposed/XposedBridge.java,f9f6f9f2a80ab221306347a8414282e175503491a6bf89b2be8dc4d930d2253c,14541,false,none-detected,Pine-derived aggregate area,root declaration insufficient; per-file origin unresolved,exclude current Pine/Xposed layer
1,https://github.com/BlackBoxing/BlackBox,a0a330732c51dd9476c618ede31ec7d4a168a5d5,Bcore/pine-xposed/src/main/java/de/robv/android/xposed/XposedHelpers.java,1e2a6e48aba78c6ce42572aeb5c117a61b55d259ad755de79d31e4c4404dc917,65573,false,none-detected,Pine-derived aggregate area,root declaration insufficient; per-file origin unresolved,exclude current Pine/Xposed layer
1,https://github.com/BlackBoxing/BlackBox,a0a330732c51dd9476c618ede31ec7d4a168a5d5,Bcore/pine-xposed/src/main/java/de/robv/android/xposed/callbacks/IXUnhook.java,aff564c4b1b52e1a5d96c74236d4acc08e1a46aafe86ddeb7cdf6c30d43b31a6,722,false,none-detected,Pine-derived aggregate area,root declaration insufficient; per-file origin unresolved,exclude current Pine/Xposed layer
1,https://github.com/BlackBoxing/BlackBox,a0a330732c51dd9476c618ede31ec7d4a168a5d5,Bcore/pine-xposed/src/main/java/de/robv/android/xposed/callbacks/XC_LoadPackage.java,00c6b324826c59c81230330f8671e651eec5411eda808fca598471b2734d20ce,1692,false,none-detected,Pine-derived aggregate area,root declaration insufficient; per-file origin unresolved,exclude current Pine/Xposed layer
1,https://github.com/BlackBoxing/BlackBox,a0a330732c51dd9476c618ede31ec7d4a168a5d5,Bcore/pine-xposed/src/main/java/de/robv/android/xposed/callbacks/XCallback.java,7661f8ecf0a5a5cfc451150735b342895a2c6bf4e31500638f3625604719447e,4066,false,none-detected,Pine-derived aggregate area,root declaration insufficient; per-file origin unresolved,exclude current Pine/Xposed layer
1,https://github.com/BlackBoxing/BlackBox,a0a330732c51dd9476c618ede31ec7d4a168a5d5,Bcore/pine-xposed/src/main/java/de/robv/android/xposed/callbacks/package-info.java,cbbb7807e9a110e010a89f37e0ab17d633643cee4a3ccca499dd4d7f495936e9,304,false,none-detected,Pine-derived aggregate area,root declaration insufficient; per-file origin unresolved,exclude current Pine/Xposed layer
1,https://github.com/BlackBoxing/BlackBox,a0a330732c51dd9476c618ede31ec7d4a168a5d5,Bcore/pine-xposed/src/main/java/de/robv/android/xposed/package-info.java,14fdd2b8f38d4d762139f4c20a94af0745af8ab63c2afb115a3db2f6042c672a,98,false,none-detected,Pine-derived aggregate area,root declaration insufficient; per-file origin unresolved,exclude current Pine/Xposed layer
1,https://github.com/BlackBoxing/BlackBox,a0a330732c51dd9476c618ede31ec7d4a168a5d5,Bcore/pine-xposed/src/main/java/top/canyie/pine/xposed/CompoundEnumeration.java,8f5a972f10b41da694931cc4f8d85ce59d5f897a48ae89b3471eee694090d7e6,2221,false,GPL-text;copyright-text,Oracle/OpenJDK; Pine package modification,GPL-2.0-only WITH Classpath-exception,exclude from import pending legal review
1,https://github.com/BlackBoxing/BlackBox,a0a330732c51dd9476c618ede31ec7d4a168a5d5,Bcore/pine-xposed/src/main/java/top/canyie/pine/xposed/ModuleClassLoader.java,06a275a0bb186a565efa0ad5222d1734f6cf85ba824a89bfa01d937f3f0a25ca,4566,false,Apache-text;copyright-text,Android Open Source Project; Pine modifications,explicit Apache-2.0 header; modification provenance retained,reference only; prefer direct AOSP/Pine source
1,https://github.com/BlackBoxing/BlackBox,a0a330732c51dd9476c618ede31ec7d4a168a5d5,Bcore/pine-xposed/src/main/java/top/canyie/pine/xposed/PineXposed.java,61e52e8a89475c222f4e11f8bdd97f534b4de32d4c6d7acf7e9bd1c5ec7e2df5,7725,false,none-detected,Pine-derived aggregate area,root declaration insufficient; per-file origin unresolved,exclude current Pine/Xposed layer
1,https://github.com/BlackBoxing/BlackBox,a0a330732c51dd9476c618ede31ec7d4a168a5d5,Bcore/proguard-rules.pro,0ef6254c8ebcfc8d8b5ffd6651a0c2cf0bc106de7bd612cedac34669f7e230f6,956,false,none-detected,BlackBox aggregate tree at pinned commit,root Apache-2.0 declaration exists; per-file origin not independently verified,reference only; manual history audit required
1,https://github.com/BlackBoxing/BlackBox,a0a330732c51dd9476c618ede31ec7d4a168a5d5,Bcore/src/main/AndroidManifest.xml,e3fab33903cb4917368f8f7d0f9fc319bd3fbea50c5bb5d400236d11988ca52c,111643,false,none-detected,BlackBox aggregate tree at pinned commit,root Apache-2.0 declaration exists; per-file origin not independently verified,reference only; manual history audit required
1,https://github.com/BlackBoxing/BlackBox,a0a330732c51dd9476c618ede31ec7d4a168a5d5,Bcore/src/main/aidl/top/niunaijun/blackbox/core/IBActivityThread.aidl,fc22120ccc32bcdf6a1d4c6d2ebf7ec1b469b0c84ba0a12cd9685b4f024c8a2b,853,false,none-detected,BlackBox aggregate tree at pinned commit,root Apache-2.0 declaration exists; per-file origin not independently verified,reference only; manual history audit required
1,https://github.com/BlackBoxing/BlackBox,a0a330732c51dd9476c618ede31ec7d4a168a5d5,Bcore/src/main/aidl/top/niunaijun/blackbox/core/IEmpty.aidl,0e2a742d40bc8d1ea2a04bad0c665e361fef7e7e2dc7b3ef3cc63220db63a178,155,false,none-detected,BlackBox aggregate tree at pinned commit,root Apache-2.0 declaration exists; per-file origin not independently verified,reference only; manual history audit required
1,https://github.com/BlackBoxing/BlackBox,a0a330732c51dd9476c618ede31ec7d4a168a5d5,Bcore/src/main/aidl/top/niunaijun/blackbox/core/system/accounts/IBAccountManagerService.aidl,1b993f37a4b429868335b2c3655bbcbcbbb8d634440f0a8c4edea6faed76d18a,4727,false,none-detected,BlackBox aggregate tree at pinned commit,root Apache-2.0 declaration exists; per-file origin not independently verified,reference only; manual history audit required
1,https://github.com/BlackBoxing/BlackBox,a0a330732c51dd9476c618ede31ec7d4a168a5d5,Bcore/src/main/aidl/top/niunaijun/blackbox/core/system/am/IBActivityManagerService.aidl,bb4581bdcdc30747224fbd47d8cb4bbb3278041dc6db0e1198ac65172b3c5118,2998,false,none-detected,BlackBox aggregate tree at pinned commit,root Apache-2.0 declaration exists; per-file origin not independently verified,reference only; manual history audit required
1,https://github.com/BlackBoxing/BlackBox,a0a330732c51dd9476c618ede31ec7d4a168a5d5,Bcore/src/main/aidl/top/niunaijun/blackbox/core/system/am/IBJobManagerService.aidl,ff230344c60d2226f41b31f97051edbe4e3d7b097789c99e837abcac9b539a12,629,false,none-detected,BlackBox aggregate tree at pinned commit,root Apache-2.0 declaration exists; per-file origin not independently verified,reference only; manual history audit required
1,https://github.com/BlackBoxing/BlackBox,a0a330732c51dd9476c618ede31ec7d4a168a5d5,Bcore/src/main/aidl/top/niunaijun/blackbox/core/system/device/IDeviceManagerService.aidl,e29a099b8f07b6699591d868dd52d2e0cb2e11b09b868e53273ed9e4e8513967,429,false,none-detected,BlackBox aggregate tree at pinned commit,root Apache-2.0 declaration exists; per-file origin not independently verified,reference only; manual history audit required
1,https://github.com/BlackBoxing/BlackBox,a0a330732c51dd9476c618ede31ec7d4a168a5d5,Bcore/src/main/aidl/top/niunaijun/blackbox/core/system/location/IBLocationManagerService.aidl,ef42017197f687171dae9317b32c189ac9343dae859dbf13f088f65b2b2a2dbd,1398,false,none-detected,BlackBox aggregate tree at pinned commit,root Apache-2.0 declaration exists; per-file origin not independently verified,reference only; manual history audit required
1,https://github.com/BlackBoxing/BlackBox,a0a330732c51dd9476c618ede31ec7d4a168a5d5,Bcore/src/main/aidl/top/niunaijun/blackbox/core/system/notification/IBNotificationManagerService.aidl,02759966c4cef2ef052f36d38c9f807fafafb8277ed90784c88272acc1574055,1116,false,none-detected,BlackBox aggregate tree at pinned commit,root Apache-2.0 declaration exists; per-file origin not independently verified,reference only; manual history audit required
1,https://github.com/BlackBoxing/BlackBox,a0a330732c51dd9476c618ede31ec7d4a168a5d5,Bcore/src/main/aidl/top/niunaijun/blackbox/core/system/os/IBStorageManagerService.aidl,80af4a2c2af383d0dc8356c2927847338f137cee3e4d7111827fd93145bafc72,411,false,none-detected,BlackBox aggregate tree at pinned commit,root Apache-2.0 declaration exists; per-file origin not independently verified,reference only; manual history audit required
1,https://github.com/BlackBoxing/BlackBox,a0a330732c51dd9476c618ede31ec7d4a168a5d5,Bcore/src/main/aidl/top/niunaijun/blackbox/core/system/pm/BPackageSettings.aidl,7918f77de493e97a084c11b6e802ac0e2b7bfa95303faad96789100078e2e262,168,false,none-detected,BlackBox aggregate tree at pinned commit,root Apache-2.0 declaration exists; per-file origin not independently verified,reference only; manual history audit required
1,https://github.com/BlackBoxing/BlackBox,a0a330732c51dd9476c618ede31ec7d4a168a5d5,Bcore/src/main/aidl/top/niunaijun/blackbox/core/system/pm/IBPackageInstallerService.aidl,b24f88f2278336558443cfcbcac4150ea2c8da3197b3b5a7100b194fba106016,575,false,none-detected,BlackBox aggregate tree at pinned commit,root Apache-2.0 declaration exists; per-file origin not independently verified,reference only; manual history audit required
1,https://github.com/BlackBoxing/BlackBox,a0a330732c51dd9476c618ede31ec7d4a168a5d5,Bcore/src/main/aidl/top/niunaijun/blackbox/core/system/pm/IBPackageManagerService.aidl,f005cedd456b75bbf9d2079cb5c7c11aacfcbce4bacd8f476d25350054c9e104,2691,false,none-detected,BlackBox aggregate tree at pinned commit,root Apache-2.0 declaration exists; per-file origin not independently verified,reference only; manual history audit required
1,https://github.com/BlackBoxing/BlackBox,a0a330732c51dd9476c618ede31ec7d4a168a5d5,Bcore/src/main/aidl/top/niunaijun/blackbox/core/system/pm/IBXposedManagerService.aidl,92c8e8e4ee0927e57ebebc335619542152ba03970b9f45794a5010c21b680868,433,false,none-detected,BlackBox aggregate tree at pinned commit,root Apache-2.0 declaration exists; per-file origin not independently verified,reference only; manual history audit required
1,https://github.com/BlackBoxing/BlackBox,a0a330732c51dd9476c618ede31ec7d4a168a5d5,Bcore/src/main/aidl/top/niunaijun/blackbox/core/system/user/BUserInfo.aidl,2e9530b0d4e2ea31d21f1108b1c41fec02cc6a67aea5f6ab45f38ce9f1165009,156,false,none-detected,BlackBox aggregate tree at pinned commit,root Apache-2.0 declaration exists; per-file origin not independently verified,reference only; manual history audit required
1,https://github.com/BlackBoxing/BlackBox,a0a330732c51dd9476c618ede31ec7d4a168a5d5,Bcore/src/main/aidl/top/niunaijun/blackbox/core/system/user/IBUserManagerService.aidl,85543ffcc47c33fdcb920af4d6b0ca9e79f5a7e896eaf5f89f97db417a7f6cff,447,false,none-detected,BlackBox aggregate tree at pinned commit,root Apache-2.0 declaration exists; per-file origin not independently verified,reference only; manual history audit required
1,https://github.com/BlackBoxing/BlackBox,a0a330732c51dd9476c618ede31ec7d4a168a5d5,Bcore/src/main/aidl/top/niunaijun/blackbox/entity/AppConfig.aidl,f03638896bb5ac4dd16d9af4d9be06fb91731afc15d417275cbe99ddd4755974,146,false,none-detected,BlackBox aggregate tree at pinned commit,root Apache-2.0 declaration exists; per-file origin not independently verified,reference only; manual history audit required
1,https://github.com/BlackBoxing/BlackBox,a0a330732c51dd9476c618ede31ec7d4a168a5d5,Bcore/src/main/aidl/top/niunaijun/blackbox/entity/JobRecord.aidl,5f0b81ecae416cc9c757a55e9e7b103c1520c3f5bf1262f3da1cea85450ca71a,146,false,none-detected,BlackBox aggregate tree at pinned commit,root Apache-2.0 declaration exists; per-file origin not independently verified,reference only; manual history audit required
1,https://github.com/BlackBoxing/BlackBox,a0a330732c51dd9476c618ede31ec7d4a168a5d5,Bcore/src/main/aidl/top/niunaijun/blackbox/entity/UnbindRecord.aidl,24b31a77f6f89aa9d384b3bb9db6d8fcb4d5ba4b423654418321bd78fcb2d22f,66,false,none-detected,BlackBox aggregate tree at pinned commit,root Apache-2.0 declaration exists; per-file origin not independently verified,reference only; manual history audit required
1,https://github.com/BlackBoxing/BlackBox,a0a330732c51dd9476c618ede31ec7d4a168a5d5,Bcore/src/main/aidl/top/niunaijun/blackbox/entity/am/PendingResultData.aidl,312cf1d9493e7949a23b689fc69ac7ce70d3d347264ad930150f1fa504af83ab,74,false,none-detected,BlackBox aggregate tree at pinned commit,root Apache-2.0 declaration exists; per-file origin not independently verified,reference only; manual history audit required
1,https://github.com/BlackBoxing/BlackBox,a0a330732c51dd9476c618ede31ec7d4a168a5d5,Bcore/src/main/aidl/top/niunaijun/blackbox/entity/am/ReceiverData.aidl,562a2db5dc37d715e7deb13e421159835f8479bedb1a08ae03508aa2d325eb2d,69,false,none-detected,BlackBox aggregate tree at pinned commit,root Apache-2.0 declaration exists; per-file origin not independently verified,reference only; manual history audit required
1,https://github.com/BlackBoxing/BlackBox,a0a330732c51dd9476c618ede31ec7d4a168a5d5,Bcore/src/main/aidl/top/niunaijun/blackbox/entity/am/RunningAppProcessInfo.aidl,27415222594da4730b671a2cbf4f7bd0e1e4c588b16ad5dff0fec954a2722427,78,false,none-detected,BlackBox aggregate tree at pinned commit,root Apache-2.0 declaration exists; per-file origin not independently verified,reference only; manual history audit required
1,https://github.com/BlackBoxing/BlackBox,a0a330732c51dd9476c618ede31ec7d4a168a5d5,Bcore/src/main/aidl/top/niunaijun/blackbox/entity/am/RunningServiceInfo.aidl,d3880cc6265565a8472f126d51c7ea3b9251283d8357812be8862ceaee61cac5,75,false,none-detected,BlackBox aggregate tree at pinned commit,root Apache-2.0 declaration exists; per-file origin not independently verified,reference only; manual history audit required
1,https://github.com/BlackBoxing/BlackBox,a0a330732c51dd9476c618ede31ec7d4a168a5d5,Bcore/src/main/aidl/top/niunaijun/blackbox/entity/device/BDeviceConfig.aidl,2fbeb14c786cbba89110afa06ed4e9fc8357652655916ceb9886992608fb0108,161,false,none-detected,BlackBox aggregate tree at pinned commit,root Apache-2.0 declaration exists; per-file origin not independently verified,reference only; manual history audit required
1,https://github.com/BlackBoxing/BlackBox,a0a330732c51dd9476c618ede31ec7d4a168a5d5,Bcore/src/main/aidl/top/niunaijun/blackbox/entity/location/BCell.aidl,11ae94890ab0d71b949091122e6a9636c91e6b5e2476add780585fcbece932b8,68,false,none-detected,BlackBox aggregate tree at pinned commit,root Apache-2.0 declaration exists; per-file origin not independently verified,reference only; manual history audit required
1,https://github.com/BlackBoxing/BlackBox,a0a330732c51dd9476c618ede31ec7d4a168a5d5,Bcore/src/main/aidl/top/niunaijun/blackbox/entity/location/BLocation.aidl,e070dff9374373175243ea291edebe665d1e0fbd766282aa1baa4019c90173b6,136,false,none-detected,BlackBox aggregate tree at pinned commit,root Apache-2.0 declaration exists; per-file origin not independently verified,reference only; manual history audit required
1,https://github.com/BlackBoxing/BlackBox,a0a330732c51dd9476c618ede31ec7d4a168a5d5,Bcore/src/main/aidl/top/niunaijun/blackbox/entity/location/BLocationConfig.aidl,61993ccaef5936bec40b9c97f693be73f78c9443ba80dcc4f9541dc23588ff27,83,false,none-detected,BlackBox aggregate tree at pinned commit,root Apache-2.0 declaration exists; per-file origin not independently verified,reference only; manual history audit required
1,https://github.com/BlackBoxing/BlackBox,a0a330732c51dd9476c618ede31ec7d4a168a5d5,Bcore/src/main/aidl/top/niunaijun/blackbox/entity/pm/InstallOption.aidl,b51c06d78416421059aef6034e61e03a4ce592d5a801775800cf6771ceea51ba,70,false,none-detected,BlackBox aggregate tree at pinned commit,root Apache-2.0 declaration exists; per-file origin not independently verified,reference only; manual history audit required
1,https://github.com/BlackBoxing/BlackBox,a0a330732c51dd9476c618ede31ec7d4a168a5d5,Bcore/src/main/aidl/top/niunaijun/blackbox/entity/pm/InstallResult.aidl,462d78f0a41fcc789f781325e39a16e05827165afb70668bd87dda3a299f6be0,70,false,none-detected,BlackBox aggregate tree at pinned commit,root Apache-2.0 declaration exists; per-file origin not independently verified,reference only; manual history audit required
1,https://github.com/BlackBoxing/BlackBox,a0a330732c51dd9476c618ede31ec7d4a168a5d5,Bcore/src/main/aidl/top/niunaijun/blackbox/entity/pm/InstalledModule.aidl,762da7c5aeda313b815a3c3d5e9b79eb0abd6309a4837df61dfc7cb622b58f10,72,false,none-detected,BlackBox aggregate tree at pinned commit,root Apache-2.0 declaration exists; per-file origin not independently verified,reference only; manual history audit required
1,https://github.com/BlackBoxing/BlackBox,a0a330732c51dd9476c618ede31ec7d4a168a5d5,Bcore/src/main/aidl/top/niunaijun/blackbox/entity/pm/InstalledPackage.aidl,84ab3d44faf84762ab9b451d6882aabcafd167cdfa81b4d483f359eef7170239,73,false,none-detected,BlackBox aggregate tree at pinned commit,root Apache-2.0 declaration exists; per-file origin not independently verified,reference only; manual history audit required
1,https://github.com/BlackBoxing/BlackBox,a0a330732c51dd9476c618ede31ec7d4a168a5d5,Bcore/src/main/assets/empty.jar,5edb86404046babcb37b8d68b894d9cf2aadcbf67d2c7304038f8de121fde1a6,1483,true,none-detected,embedded binary,unresolved,exclude binary
1,https://github.com/BlackBoxing/BlackBox,a0a330732c51dd9476c618ede31ec7d4a168a5d5,Bcore/src/main/assets/junit.jar,38407cd965efa9a588a128d7aca8c867fdfc513f6686f9187abf458d13260533,87259,true,none-detected,embedded JUnit/Hamcrest binary,partial BSD Hamcrest notice observed; complete binary license unresolved,exclude binary
1,https://github.com/BlackBoxing/BlackBox,a0a330732c51dd9476c618ede31ec7d4a168a5d5,Bcore/src/main/cpp/BoxCore.cpp,52e6c26be05f4b5940edf88954afd8a7abc5052ea3438a564cd5dbdb7aace3b2,5116,false,none-detected,BlackBox aggregate tree at pinned commit,root Apache-2.0 declaration exists; per-file origin not independently verified,reference only; manual history audit required
1,https://github.com/BlackBoxing/BlackBox,a0a330732c51dd9476c618ede31ec7d4a168a5d5,Bcore/src/main/cpp/BoxCore.h,0909ce8bcf4046d799a8ce17fa56ae3a3a4f18bb559a9fef3712cafe8df26f71,544,false,none-detected,BlackBox aggregate tree at pinned commit,root Apache-2.0 declaration exists; per-file origin not independently verified,reference only; manual history audit required
1,https://github.com/BlackBoxing/BlackBox,a0a330732c51dd9476c618ede31ec7d4a168a5d5,Bcore/src/main/cpp/CMakeLists.txt,c155e0155f119ae943ec575a4fd2137cd2ad21ee997a667d8a64d0acd1405878,2046,false,none-detected,BlackBox aggregate tree at pinned commit,root Apache-2.0 declaration exists; per-file origin not independently verified,reference only; manual history audit required
1,https://github.com/BlackBoxing/BlackBox,a0a330732c51dd9476c618ede31ec7d4a168a5d5,Bcore/src/main/cpp/Hook/BaseHook.cpp,b5218d6f23dce261ba30c013df34ad497cc1e7e6fd21762e1735e7abc15fd434,110,false,none-detected,BlackBox aggregate tree at pinned commit,root Apache-2.0 declaration exists; per-file origin not independently verified,reference only; manual history audit required
1,https://github.com/BlackBoxing/BlackBox,a0a330732c51dd9476c618ede31ec7d4a168a5d5,Bcore/src/main/cpp/Hook/BaseHook.h,8c2a013f2aea3acfa8c05be0c3cfe2d9d9ab34f9d48edc64e03bd8547daf0128,240,false,none-detected,BlackBox aggregate tree at pinned commit,root Apache-2.0 declaration exists; per-file origin not independently verified,reference only; manual history audit required
1,https://github.com/BlackBoxing/BlackBox,a0a330732c51dd9476c618ede31ec7d4a168a5d5,Bcore/src/main/cpp/Hook/BinderHook.cpp,37fe0c12723a5bf8f9d384dd0cf48a234f271f27e5415e74d4f9790e5e781439,572,false,none-detected,BlackBox aggregate tree at pinned commit,root Apache-2.0 declaration exists; per-file origin not independently verified,reference only; manual history audit required
1,https://github.com/BlackBoxing/BlackBox,a0a330732c51dd9476c618ede31ec7d4a168a5d5,Bcore/src/main/cpp/Hook/BinderHook.h,1361a4fa5e09ef60d85a71063a1d697c65d6a5acfb15e586ff203440aecae403,253,false,none-detected,BlackBox aggregate tree at pinned commit,root Apache-2.0 declaration exists; per-file origin not independently verified,reference only; manual history audit required
1,https://github.com/BlackBoxing/BlackBox,a0a330732c51dd9476c618ede31ec7d4a168a5d5,Bcore/src/main/cpp/Hook/RuntimeHook.cpp,a9342dac65b952fa65ed691975bb42ec5e19ae50c7d2ba33f86fafc63fb56278,1566,false,none-detected,BlackBox aggregate tree at pinned commit,root Apache-2.0 declaration exists; per-file origin not independently verified,reference only; manual history audit required
1,https://github.com/BlackBoxing/BlackBox,a0a330732c51dd9476c618ede31ec7d4a168a5d5,Bcore/src/main/cpp/Hook/RuntimeHook.h,c817d1176a372670de3c07553d9c386a04a68336e9acf6a1231b0fd0fd665912,277,false,none-detected,BlackBox aggregate tree at pinned commit,root Apache-2.0 declaration exists; per-file origin not independently verified,reference only; manual history audit required
1,https://github.com/BlackBoxing/BlackBox,a0a330732c51dd9476c618ede31ec7d4a168a5d5,Bcore/src/main/cpp/Hook/SystemPropertiesHook.cpp,9e20673709bc56aa5577305b452ac20572c5ddf1b6d34b3025abd1011311c8b3,3256,false,none-detected,BlackBox aggregate tree at pinned commit,root Apache-2.0 declaration exists; per-file origin not independently verified,reference only; manual history audit required
1,https://github.com/BlackBoxing/BlackBox,a0a330732c51dd9476c618ede31ec7d4a168a5d5,Bcore/src/main/cpp/Hook/SystemPropertiesHook.h,265d077594efe5cd7c0ebb947206805b7b512d5d9ab73e37f03df82b5823f491,389,false,none-detected,BlackBox aggregate tree at pinned commit,root Apache-2.0 declaration exists; per-file origin not independently verified,reference only; manual history audit required
1,https://github.com/BlackBoxing/BlackBox,a0a330732c51dd9476c618ede31ec7d4a168a5d5,Bcore/src/main/cpp/Hook/UnixFileSystemHook.cpp,7ca6f19f259335b992137768b0ee93acbd82ed79b68c2c7126c92141dd4a4abc,5399,false,none-detected,BlackBox aggregate tree at pinned commit,root Apache-2.0 declaration exists; per-file origin not independently verified,reference only; manual history audit required
1,https://github.com/BlackBoxing/BlackBox,a0a330732c51dd9476c618ede31ec7d4a168a5d5,Bcore/src/main/cpp/Hook/UnixFileSystemHook.h,2bd13722920e632b49ff2a3cb4314e9552500ad2aa51618f387dc2ffc8e62b8c,287,false,none-detected,BlackBox aggregate tree at pinned commit,root Apache-2.0 declaration exists; per-file origin not independently verified,reference only; manual history audit required
1,https://github.com/BlackBoxing/BlackBox,a0a330732c51dd9476c618ede31ec7d4a168a5d5,Bcore/src/main/cpp/Hook/VMClassLoaderHook.cpp,3e0d34c1873db6ec61c9da1936e7b0f94d6cfb5f4416eeae3c818f0ea932571b,1419,false,none-detected,BlackBox aggregate tree at pinned commit,root Apache-2.0 declaration exists; per-file origin not independently verified,reference only; manual history audit required
1,https://github.com/BlackBoxing/BlackBox,a0a330732c51dd9476c618ede31ec7d4a168a5d5,Bcore/src/main/cpp/Hook/VMClassLoaderHook.h,13b1b3e75e0dca203e33859bf222682c4fbe7e3bbd4ac6ffbc6107056f590286,334,false,none-detected,BlackBox aggregate tree at pinned commit,root Apache-2.0 declaration exists; per-file origin not independently verified,reference only; manual history audit required
1,https://github.com/BlackBoxing/BlackBox,a0a330732c51dd9476c618ede31ec7d4a168a5d5,Bcore/src/main/cpp/IO.cpp,c68f49ed841acc7160ac8e18cf54d7230f7e88ef764fb1116ea50879c08bd9ed,5614,false,none-detected,BlackBox aggregate tree at pinned commit,root Apache-2.0 declaration exists; per-file origin not independently verified,reference only; manual history audit required
1,https://github.com/BlackBoxing/BlackBox,a0a330732c51dd9476c618ede31ec7d4a168a5d5,Bcore/src/main/cpp/IO.h,ae8d8c3b8ca1814de294f62bff04fec56939d6b8fa3325916e8d353d117caf29,1191,false,none-detected,BlackBox aggregate tree at pinned commit,root Apache-2.0 declaration exists; per-file origin not independently verified,reference only; manual history audit required
1,https://github.com/BlackBoxing/BlackBox,a0a330732c51dd9476c618ede31ec7d4a168a5d5,Bcore/src/main/cpp/JniHook/ArtMethod.h,ccf1d1fc5783a3d77eff8c0f646342cb2f16297e9d51cede273e45367d78c9d7,2250,false,none-detected,BlackBox aggregate tree at pinned commit,root Apache-2.0 declaration exists; per-file origin not independently verified,reference only; manual history audit required
1,https://github.com/BlackBoxing/BlackBox,a0a330732c51dd9476c618ede31ec7d4a168a5d5,Bcore/src/main/cpp/JniHook/JniHook.cpp,b6d609cb851d21464c6196b79e48bf88641eea1265cbf4f4c1fe77936fdcee96,11539,false,none-detected,BlackBox aggregate tree at pinned commit,root Apache-2.0 declaration exists; per-file origin not independently verified,reference only; manual history audit required
1,https://github.com/BlackBoxing/BlackBox,a0a330732c51dd9476c618ede31ec7d4a168a5d5,Bcore/src/main/cpp/JniHook/JniHook.h,b835e089be94211e119aab918fd547eda91614c7588ec864ed5466f2f64fb9d2,658,false,none-detected,BlackBox aggregate tree at pinned commit,root Apache-2.0 declaration exists; per-file origin not independently verified,reference only; manual history audit required
1,https://github.com/BlackBoxing/BlackBox,a0a330732c51dd9476c618ede31ec7d4a168a5d5,Bcore/src/main/cpp/Log.h,6489a4023e6b27cd54d281d5f1519d06c997c3c75e8c72c0c2c65360ebe30c39,438,false,none-detected,BlackBox aggregate tree at pinned commit,root Apache-2.0 declaration exists; per-file origin not independently verified,reference only; manual history audit required
1,https://github.com/BlackBoxing/BlackBox,a0a330732c51dd9476c618ede31ec7d4a168a5d5,Bcore/src/main/cpp/Utils/HexDump.cpp,701cc3062d1e8869c9c2d96af392124199dad1738f9209d196627c16d39184e8,1252,false,none-detected,BlackBox aggregate tree at pinned commit,root Apache-2.0 declaration exists; per-file origin not independently verified,reference only; manual history audit required
1,https://github.com/BlackBoxing/BlackBox,a0a330732c51dd9476c618ede31ec7d4a168a5d5,Bcore/src/main/cpp/Utils/HexDump.h,6b4a023517d0b9ffa46d2c6774fee41da9b6e92df3ba41ebba182aae94b90991,194,false,none-detected,BlackBox aggregate tree at pinned commit,root Apache-2.0 declaration exists; per-file origin not independently verified,reference only; manual history audit required
1,https://github.com/BlackBoxing/BlackBox,a0a330732c51dd9476c618ede31ec7d4a168a5d5,Bcore/src/main/cpp/Utils/PointerCheck.cpp,ab82ae85a6b49258d36ae44a9237ade34a269ceb116bbe324ca05cc47783fc1b,383,false,none-detected,BlackBox aggregate tree at pinned commit,root Apache-2.0 declaration exists; per-file origin not independently verified,reference only; manual history audit required
1,https://github.com/BlackBoxing/BlackBox,a0a330732c51dd9476c618ede31ec7d4a168a5d5,Bcore/src/main/cpp/Utils/PointerCheck.h,e7b3fc31b591bba0c49f2d2f7aefaf57fa1552eb55ad4f1251078a7bf913bed7,223,false,none-detected,BlackBox aggregate tree at pinned commit,root Apache-2.0 declaration exists; per-file origin not independently verified,reference only; manual history audit required
1,https://github.com/BlackBoxing/BlackBox,a0a330732c51dd9476c618ede31ec7d4a168a5d5,Bcore/src/main/cpp/Utils/fake_dlfcn.cpp,835bfbfb19c0064dc157383bd7506337c904d5c7162cbbabc44666a1ecbbb8ce,4212,false,none-detected,BlackBox aggregate tree at pinned commit,root Apache-2.0 declaration exists; per-file origin not independently verified,reference only; manual history audit required
1,https://github.com/BlackBoxing/BlackBox,a0a330732c51dd9476c618ede31ec7d4a168a5d5,Bcore/src/main/cpp/Utils/fake_dlfcn.h,cd902e8fff10138471acff482b3b588ab754805c356d48339b32264fbf03422b,184,false,none-detected,BlackBox aggregate tree at pinned commit,root Apache-2.0 declaration exists; per-file origin not independently verified,reference only; manual history audit required
1,https://github.com/BlackBoxing/BlackBox,a0a330732c51dd9476c618ede31ec7d4a168a5d5,Bcore/src/main/java/top/niunaijun/blackbox/BlackBoxCore.java,a9b86d66830de466b65c804642e80ffd69ecb6ae0855aafaccf44d70b790d2b9,16575,false,none-detected,BlackBox aggregate tree at pinned commit,root Apache-2.0 declaration exists; per-file origin not independently verified,reference only; manual history audit required
1,https://github.com/BlackBoxing/BlackBox,a0a330732c51dd9476c618ede31ec7d4a168a5d5,Bcore/src/main/java/top/niunaijun/blackbox/app/BActivityThread.java,0b029c55530b26ebe22c4c0c69c5751e404c66a25ac874bb69bdc37f5d2fe6ea,25737,false,none-detected,BlackBox aggregate tree at pinned commit,root Apache-2.0 declaration exists; per-file origin not independently verified,reference only; manual history audit required
1,https://github.com/BlackBoxing/BlackBox,a0a330732c51dd9476c618ede31ec7d4a168a5d5,Bcore/src/main/java/top/niunaijun/blackbox/app/LauncherActivity.java,343d8d0c1f95992c0d69c4c8784196d13247c82f8f7bf038b36a9dabcca13d37,2554,false,none-detected,BlackBox aggregate tree at pinned commit,root Apache-2.0 declaration exists; per-file origin not independently verified,reference only; manual history audit required
1,https://github.com/BlackBoxing/BlackBox,a0a330732c51dd9476c618ede31ec7d4a168a5d5,Bcore/src/main/java/top/niunaijun/blackbox/app/configuration/AppLifecycleCallback.java,111ae80ee14e37ec28fac3c4321a6789b8c7532e7a2d068b59d92eb044d481e1,1495,false,none-detected,BlackBox aggregate tree at pinned commit,root Apache-2.0 declaration exists; per-file origin not independently verified,reference only; manual history audit required
1,https://github.com/BlackBoxing/BlackBox,a0a330732c51dd9476c618ede31ec7d4a168a5d5,Bcore/src/main/java/top/niunaijun/blackbox/app/configuration/ClientConfiguration.java,b6a77683af55dfb7139fc2001928b6158f9487e3103cfa840f2aeef851d184cd,847,false,none-detected,BlackBox aggregate tree at pinned commit,root Apache-2.0 declaration exists; per-file origin not independently verified,reference only; manual history audit required
1,https://github.com/BlackBoxing/BlackBox,a0a330732c51dd9476c618ede31ec7d4a168a5d5,Bcore/src/main/java/top/niunaijun/blackbox/app/dispatcher/AppJobServiceDispatcher.java,8f167ae742d9f2e98e87d703c79a965fffc9e42bf4249429da611170a8acbb49,3514,false,none-detected,BlackBox aggregate tree at pinned commit,root Apache-2.0 declaration exists; per-file origin not independently verified,reference only; manual history audit required
1,https://github.com/BlackBoxing/BlackBox,a0a330732c51dd9476c618ede31ec7d4a168a5d5,Bcore/src/main/java/top/niunaijun/blackbox/app/dispatcher/AppServiceDispatcher.java,b5432ffd32aa1f44e59c70ce4346600c8444896d423f40170515215d3076e074,8471,false,none-detected,BlackBox aggregate tree at pinned commit,root Apache-2.0 declaration exists; per-file origin not independently verified,reference only; manual history audit required
1,https://github.com/BlackBoxing/BlackBox,a0a330732c51dd9476c618ede31ec7d4a168a5d5,Bcore/src/main/java/top/niunaijun/blackbox/core/CrashHandler.java,98e179539aaf7f24a11d1164041fc70eba6002b32826f1541c56815ff4032717,878,false,none-detected,BlackBox aggregate tree at pinned commit,root Apache-2.0 declaration exists; per-file origin not independently verified,reference only; manual history audit required
1,https://github.com/BlackBoxing/BlackBox,a0a330732c51dd9476c618ede31ec7d4a168a5d5,Bcore/src/main/java/top/niunaijun/blackbox/core/GmsCore.java,cf6a9d3f709b826c90f49135f370053ebd4f6d3111a7689174122893c3c06ee2,4172,false,none-detected,BlackBox aggregate tree at pinned commit,root Apache-2.0 declaration exists; per-file origin not independently verified,reference only; manual history audit required
1,https://github.com/BlackBoxing/BlackBox,a0a330732c51dd9476c618ede31ec7d4a168a5d5,Bcore/src/main/java/top/niunaijun/blackbox/core/IOCore.java,cb50f0f8268b3e30ffd50ea8ad6c66acc412528ce388fcce42cd49f3c8dc9b6a,8948,false,none-detected,BlackBox aggregate tree at pinned commit,root Apache-2.0 declaration exists; per-file origin not independently verified,reference only; manual history audit required
1,https://github.com/BlackBoxing/BlackBox,a0a330732c51dd9476c618ede31ec7d4a168a5d5,Bcore/src/main/java/top/niunaijun/blackbox/core/NativeCore.java,d39f94fec6a2545ce48e685cd6938c5e571045ac780b8b78bdb6747589b7b5b4,3237,false,none-detected,BlackBox aggregate tree at pinned commit,root Apache-2.0 declaration exists; per-file origin not independently verified,reference only; manual history audit required
1,https://github.com/BlackBoxing/BlackBox,a0a330732c51dd9476c618ede31ec7d4a168a5d5,Bcore/src/main/java/top/niunaijun/blackbox/core/env/AppSystemEnv.java,0c94dd88a0c56eec1b92980886f90f0cc0a34590afbe08d9f006ef6ac1378ada,3077,false,none-detected,BlackBox aggregate tree at pinned commit,root Apache-2.0 declaration exists; per-file origin not independently verified,reference only; manual history audit required
1,https://github.com/BlackBoxing/BlackBox,a0a330732c51dd9476c618ede31ec7d4a168a5d5,Bcore/src/main/java/top/niunaijun/blackbox/core/env/BEnvironment.java,da95b99c9ac27992473906359774ef823f0b276ded083e7cacbd4788956e8e15,5208,false,none-detected,BlackBox aggregate tree at pinned commit,root Apache-2.0 declaration exists; per-file origin not independently verified,reference only; manual history audit required
1,https://github.com/BlackBoxing/BlackBox,a0a330732c51dd9476c618ede31ec7d4a168a5d5,Bcore/src/main/java/top/niunaijun/blackbox/core/env/VirtualRuntime.java,29047d65cb5984530ff3981ea536be8a377d64b12f18258b50b9fb0d0e53d1cb,842,false,none-detected,BlackBox aggregate tree at pinned commit,root Apache-2.0 declaration exists; per-file origin not independently verified,reference only; manual history audit required
1,https://github.com/BlackBoxing/BlackBox,a0a330732c51dd9476c618ede31ec7d4a168a5d5,Bcore/src/main/java/top/niunaijun/blackbox/core/system/BProcessManagerService.java,ab4d3932ed4cb67a52e7117f1b93f91b4e29f1001526f923f8958dd6e7c3a931,14323,false,none-detected,BlackBox aggregate tree at pinned commit,root Apache-2.0 declaration exists; per-file origin not independently verified,reference only; manual history audit required
1,https://github.com/BlackBoxing/BlackBox,a0a330732c51dd9476c618ede31ec7d4a168a5d5,Bcore/src/main/java/top/niunaijun/blackbox/core/system/BlackBoxSystem.java,2d2a97f8de11be4bbe69e71141f8d1bcbd0d905bf23336ca9038107e46d8b7c8,4121,false,none-detected,BlackBox aggregate tree at pinned commit,root Apache-2.0 declaration exists; per-file origin not independently verified,reference only; manual history audit required
1,https://github.com/BlackBoxing/BlackBox,a0a330732c51dd9476c618ede31ec7d4a168a5d5,Bcore/src/main/java/top/niunaijun/blackbox/core/system/DaemonService.java,bee3accceff912fa63f5deb7fa400adc63adbfcd428f4c89f8c71797721e3c90,2506,false,none-detected,BlackBox aggregate tree at pinned commit,root Apache-2.0 declaration exists; per-file origin not independently verified,reference only; manual history audit required
1,https://github.com/BlackBoxing/BlackBox,a0a330732c51dd9476c618ede31ec7d4a168a5d5,Bcore/src/main/java/top/niunaijun/blackbox/core/system/ISystemService.java,52f58059bcf7f85b68807a9d81e095d47e1fd99544b66728cf342be59d354018,234,false,none-detected,BlackBox aggregate tree at pinned commit,root Apache-2.0 declaration exists; per-file origin not independently verified,reference only; manual history audit required
1,https://github.com/BlackBoxing/BlackBox,a0a330732c51dd9476c618ede31ec7d4a168a5d5,Bcore/src/main/java/top/niunaijun/blackbox/core/system/ProcessRecord.java,838b0e85eac2022d3262c6cf1a0217449bf01842b7459edbb60c57087b66bfb5,1998,false,none-detected,BlackBox aggregate tree at pinned commit,root Apache-2.0 declaration exists; per-file origin not independently verified,reference only; manual history audit required
1,https://github.com/BlackBoxing/BlackBox,a0a330732c51dd9476c618ede31ec7d4a168a5d5,Bcore/src/main/java/top/niunaijun/blackbox/core/system/ServiceManager.java,8ec6755d651fb4142bf6bde2e55b8e554a467ae1cee645978704dd750d6c2247,3497,false,none-detected,BlackBox aggregate tree at pinned commit,root Apache-2.0 declaration exists; per-file origin not independently verified,reference only; manual history audit required
1,https://github.com/BlackBoxing/BlackBox,a0a330732c51dd9476c618ede31ec7d4a168a5d5,Bcore/src/main/java/top/niunaijun/blackbox/core/system/SystemCallProvider.java,14d7682e9beb5aa99c0b100fb8111c02a691057757b882547c65c449184e5442,2218,false,none-detected,BlackBox aggregate tree at pinned commit,root Apache-2.0 declaration exists; per-file origin not independently verified,reference only; manual history audit required
1,https://github.com/BlackBoxing/BlackBox,a0a330732c51dd9476c618ede31ec7d4a168a5d5,Bcore/src/main/java/top/niunaijun/blackbox/core/system/accounts/BAccount.java,21cf2789fdf588de9c4d1226c5d63a899d3ed295e841ff65c565ddc2a6b9921a,2685,false,none-detected,BlackBox aggregate tree at pinned commit,root Apache-2.0 declaration exists; per-file origin not independently verified,reference only; manual history audit required
1,https://github.com/BlackBoxing/BlackBox,a0a330732c51dd9476c618ede31ec7d4a168a5d5,Bcore/src/main/java/top/niunaijun/blackbox/core/system/accounts/BAccountManagerService.java,3740f32a89c42edcfdfb383debc10b8fa5b350eeef9ca8c8bd5d4d63b8507322,82305,false,none-detected,BlackBox aggregate tree at pinned commit,root Apache-2.0 declaration exists; per-file origin not independently verified,reference only; manual history audit required
1,https://github.com/BlackBoxing/BlackBox,a0a330732c51dd9476c618ede31ec7d4a168a5d5,Bcore/src/main/java/top/niunaijun/blackbox/core/system/accounts/BUserAccounts.java,b75897e8b0b605109bdebb35e90707fbdfe926951a73bbe75cac81074cff1e38,3806,false,none-detected,BlackBox aggregate tree at pinned commit,root Apache-2.0 declaration exists; per-file origin not independently verified,reference only; manual history audit required
1,https://github.com/BlackBoxing/BlackBox,a0a330732c51dd9476c618ede31ec7d4a168a5d5,Bcore/src/main/java/top/niunaijun/blackbox/core/system/accounts/RegisteredServicesParser.java,fd8cc81309509d9ae3fa0c26d98e3b8d97a775a7aa635234b15f4028436e281d,1441,false,none-detected,BlackBox aggregate tree at pinned commit,root Apache-2.0 declaration exists; per-file origin not independently verified,reference only; manual history audit required
1,https://github.com/BlackBoxing/BlackBox,a0a330732c51dd9476c618ede31ec7d4a168a5d5,Bcore/src/main/java/top/niunaijun/blackbox/core/system/accounts/TokenCache.java,f0f3d67a840c5a290d82487fb80becc2022aee2ed98417a70d027e930422273f,1838,false,none-detected,BlackBox aggregate tree at pinned commit,root Apache-2.0 declaration exists; per-file origin not independently verified,reference only; manual history audit required
1,https://github.com/BlackBoxing/BlackBox,a0a330732c51dd9476c618ede31ec7d4a168a5d5,Bcore/src/main/java/top/niunaijun/blackbox/core/system/am/ActiveServices.java,080026c4ddb3f5c0ba25f772b08e69bc5f0b8e546eb5f0787b5c39f6dfca859e,13514,false,none-detected,BlackBox aggregate tree at pinned commit,root Apache-2.0 declaration exists; per-file origin not independently verified,reference only; manual history audit required
1,https://github.com/BlackBoxing/BlackBox,a0a330732c51dd9476c618ede31ec7d4a168a5d5,Bcore/src/main/java/top/niunaijun/blackbox/core/system/am/ActivityRecord.kt,461d904641150b9aa0349361e8ed8a36df9433b28345c49f62ee4a8fe8b06480,1717,false,none-detected,BlackBox aggregate tree at pinned commit,root Apache-2.0 declaration exists; per-file origin not independently verified,reference only; manual history audit required
1,https://github.com/BlackBoxing/BlackBox,a0a330732c51dd9476c618ede31ec7d4a168a5d5,Bcore/src/main/java/top/niunaijun/blackbox/core/system/am/ActivityStack.java,0330d3894ad9792eb517dc6db40ca1e2695128e1d71367ec633e9f7a9c5e1f80,26239,false,none-detected,BlackBox aggregate tree at pinned commit,root Apache-2.0 declaration exists; per-file origin not independently verified,reference only; manual history audit required
1,https://github.com/BlackBoxing/BlackBox,a0a330732c51dd9476c618ede31ec7d4a168a5d5,Bcore/src/main/java/top/niunaijun/blackbox/core/system/am/BActivityManagerService.java,b78ebd7538f7e7f999e8f60c57c3260305a3fde443095c28d23869f89897cc21,16026,false,none-detected,BlackBox aggregate tree at pinned commit,root Apache-2.0 declaration exists; per-file origin not independently verified,reference only; manual history audit required
1,https://github.com/BlackBoxing/BlackBox,a0a330732c51dd9476c618ede31ec7d4a168a5d5,Bcore/src/main/java/top/niunaijun/blackbox/core/system/am/BJobManagerService.java,934b7bcaf2aaf551a8abd4c4cac3235ea956834f3e4667051e461b22480c3d87,3867,false,none-detected,BlackBox aggregate tree at pinned commit,root Apache-2.0 declaration exists; per-file origin not independently verified,reference only; manual history audit required
1,https://github.com/BlackBoxing/BlackBox,a0a330732c51dd9476c618ede31ec7d4a168a5d5,Bcore/src/main/java/top/niunaijun/blackbox/core/system/am/BroadcastManager.java,3ed490c4083c8468078a18cd330f66e513baf8f59cd4b406fb42d7b500ac5d31,5903,false,none-detected,BlackBox aggregate tree at pinned commit,root Apache-2.0 declaration exists; per-file origin not independently verified,reference only; manual history audit required
1,https://github.com/BlackBoxing/BlackBox,a0a330732c51dd9476c618ede31ec7d4a168a5d5,Bcore/src/main/java/top/niunaijun/blackbox/core/system/am/PendingIntentRecord.java,37ca983aa42efcfccf1cf50595e1932b9ba20986ba60052a51236cfc7a9eea37,643,false,none-detected,BlackBox aggregate tree at pinned commit,root Apache-2.0 declaration exists; per-file origin not independently verified,reference only; manual history audit required
1,https://github.com/BlackBoxing/BlackBox,a0a330732c51dd9476c618ede31ec7d4a168a5d5,Bcore/src/main/java/top/niunaijun/blackbox/core/system/am/TaskRecord.java,03a9f87d3bffb1990c71b036008819bf7227ee6630739a728838e59a42722f9e,1381,false,none-detected,BlackBox aggregate tree at pinned commit,root Apache-2.0 declaration exists; per-file origin not independently verified,reference only; manual history audit required
1,https://github.com/BlackBoxing/BlackBox,a0a330732c51dd9476c618ede31ec7d4a168a5d5,Bcore/src/main/java/top/niunaijun/blackbox/core/system/am/UserSpace.java,a30b626d1f79d31b8b3ad911ae607b74d8fd51f074c6c30e948ac1888e417a1d,548,false,none-detected,BlackBox aggregate tree at pinned commit,root Apache-2.0 declaration exists; per-file origin not independently verified,reference only; manual history audit required
1,https://github.com/BlackBoxing/BlackBox,a0a330732c51dd9476c618ede31ec7d4a168a5d5,Bcore/src/main/java/top/niunaijun/blackbox/core/system/location/BLocationManagerService.java,01458a2a397ce969a633b1d9f53ef7d9862d2744d1c9f656560e56474460514d,14422,false,none-detected,BlackBox aggregate tree at pinned commit,root Apache-2.0 declaration exists; per-file origin not independently verified,reference only; manual history audit required
1,https://github.com/BlackBoxing/BlackBox,a0a330732c51dd9476c618ede31ec7d4a168a5d5,Bcore/src/main/java/top/niunaijun/blackbox/core/system/location/LocationRecord.java,32ac60173546c82c8baddf59a06ae6025d59e3b2e805c6ad92a6ab05af25a587,336,false,none-detected,BlackBox aggregate tree at pinned commit,root Apache-2.0 declaration exists; per-file origin not independently verified,reference only; manual history audit required
1,https://github.com/BlackBoxing/BlackBox,a0a330732c51dd9476c618ede31ec7d4a168a5d5,Bcore/src/main/java/top/niunaijun/blackbox/core/system/notification/BNotificationManagerService.java,ecba58b04181e20641f100df8acdc8439ac4e758df63a789dd58cfb60b78b467,14136,false,none-detected,BlackBox aggregate tree at pinned commit,root Apache-2.0 declaration exists; per-file origin not independently verified,reference only; manual history audit required
1,https://github.com/BlackBoxing/BlackBox,a0a330732c51dd9476c618ede31ec7d4a168a5d5,Bcore/src/main/java/top/niunaijun/blackbox/core/system/notification/NotificationChannelManager.java,67be72e079db0324c49a196ea77148823899732f659d49cd070bd43cd440aa02,1606,false,none-detected,BlackBox aggregate tree at pinned commit,root Apache-2.0 declaration exists; per-file origin not independently verified,reference only; manual history audit required
1,https://github.com/BlackBoxing/BlackBox,a0a330732c51dd9476c618ede31ec7d4a168a5d5,Bcore/src/main/java/top/niunaijun/blackbox/core/system/notification/NotificationRecord.java,ea236f0043ad17004d4d7d00f66453bcaf9e55ee3d4fe603260dfdce1843946e,586,false,none-detected,BlackBox aggregate tree at pinned commit,root Apache-2.0 declaration exists; per-file origin not independently verified,reference only; manual history audit required
1,https://github.com/BlackBoxing/BlackBox,a0a330732c51dd9476c618ede31ec7d4a168a5d5,Bcore/src/main/java/top/niunaijun/blackbox/core/system/os/BStorageManagerService.java,bf780e3c9ef1713f74f357f932f4fd51106332aae04d476e656c97647824401d,2387,false,none-detected,BlackBox aggregate tree at pinned commit,root Apache-2.0 declaration exists; per-file origin not independently verified,reference only; manual history audit required
1,https://github.com/BlackBoxing/BlackBox,a0a330732c51dd9476c618ede31ec7d4a168a5d5,Bcore/src/main/java/top/niunaijun/blackbox/core/system/pm/BPackage.java,4cc4f462a50a4152070662c50020afb4e165386b13714813a05e3d3716d0aed4,28287,false,none-detected,BlackBox aggregate tree at pinned commit,root Apache-2.0 declaration exists; per-file origin not independently verified,reference only; manual history audit required
1,https://github.com/BlackBoxing/BlackBox,a0a330732c51dd9476c618ede31ec7d4a168a5d5,Bcore/src/main/java/top/niunaijun/blackbox/core/system/pm/BPackageInstallerService.java,0dfb8814e1aa18372b5c292bce2e9ee4e8b414e36574dd4be082d5d1a4b0c6d2,3967,false,none-detected,BlackBox aggregate tree at pinned commit,root Apache-2.0 declaration exists; per-file origin not independently verified,reference only; manual history audit required
1,https://github.com/BlackBoxing/BlackBox,a0a330732c51dd9476c618ede31ec7d4a168a5d5,Bcore/src/main/java/top/niunaijun/blackbox/core/system/pm/BPackageManagerService.java,c39f484cde849eaa956e5ac9c349dff072617887e34cc9fb529a6408ad4f584c,35289,false,none-detected,BlackBox aggregate tree at pinned commit,root Apache-2.0 declaration exists; per-file origin not independently verified,reference only; manual history audit required
1,https://github.com/BlackBoxing/BlackBox,a0a330732c51dd9476c618ede31ec7d4a168a5d5,Bcore/src/main/java/top/niunaijun/blackbox/core/system/pm/BPackageSettings.java,2a17d2cb9e29aab8f390caae6492c7fd9fc4560d112e4a1d4854191f1c69b800,5458,false,none-detected,BlackBox aggregate tree at pinned commit,root Apache-2.0 declaration exists; per-file origin not independently verified,reference only; manual history audit required
1,https://github.com/BlackBoxing/BlackBox,a0a330732c51dd9476c618ede31ec7d4a168a5d5,Bcore/src/main/java/top/niunaijun/blackbox/core/system/pm/BPackageUserState.java,2322e50b11256fc86438202889039c69856af3f1b4b98febb7ae2c9b7fe73d50,1824,false,none-detected,BlackBox aggregate tree at pinned commit,root Apache-2.0 declaration exists; per-file origin not independently verified,reference only; manual history audit required
1,https://github.com/BlackBoxing/BlackBox,a0a330732c51dd9476c618ede31ec7d4a168a5d5,Bcore/src/main/java/top/niunaijun/blackbox/core/system/pm/BXposedManagerService.java,8ec3346b4a95c548b64ee310d9130e52adb539c6f462e5648f473cdd8a6cd86b,5891,false,none-detected,BlackBox aggregate tree at pinned commit,root Apache-2.0 declaration exists; per-file origin not independently verified,reference only; manual history audit required
1,https://github.com/BlackBoxing/BlackBox,a0a330732c51dd9476c618ede31ec7d4a168a5d5,Bcore/src/main/java/top/niunaijun/blackbox/core/system/pm/ComponentResolver.java,ea0ec8cc61924edaf7a3da53091cf20652e6daf5e37c4b94c52d59909fab2be9,26596,false,none-detected,BlackBox aggregate tree at pinned commit,root Apache-2.0 declaration exists; per-file origin not independently verified,reference only; manual history audit required
1,https://github.com/BlackBoxing/BlackBox,a0a330732c51dd9476c618ede31ec7d4a168a5d5,Bcore/src/main/java/top/niunaijun/blackbox/core/system/pm/FastImmutableArraySet.java,ca79beaf6159bb85cd174c5ea26e53b9e568dda9e14b0bbfea98e7087cad0bd1,2307,false,Apache-text;copyright-text,explicit file-header attribution; see upstream file,explicit Apache-2.0 text,reference only; direct-source comparison required
1,https://github.com/BlackBoxing/BlackBox,a0a330732c51dd9476c618ede31ec7d4a168a5d5,Bcore/src/main/java/top/niunaijun/blackbox/core/system/pm/IntentResolver.java,793da38dfe6709ffc2dc049d135343317bddf17aef44c7ae2fd9b5942830efa8,28225,false,Apache-text;copyright-text,explicit file-header attribution; see upstream file,explicit Apache-2.0 text,reference only; direct-source comparison required
1,https://github.com/BlackBoxing/BlackBox,a0a330732c51dd9476c618ede31ec7d4a168a5d5,Bcore/src/main/java/top/niunaijun/blackbox/core/system/pm/PackageManagerCompat.java,9613d62019f3946513de32da9a021f83fddc6321da2bb34c1987d70bf4146b33,16717,false,none-detected,BlackBox aggregate tree at pinned commit,root Apache-2.0 declaration exists; per-file origin not independently verified,reference only; manual history audit required
1,https://github.com/BlackBoxing/BlackBox,a0a330732c51dd9476c618ede31ec7d4a168a5d5,Bcore/src/main/java/top/niunaijun/blackbox/core/system/pm/PackageMonitor.java,a224860ea9e0e63cf4d7312005dd912d9640ba578730cad0d8c3062cb05617a5,357,false,none-detected,BlackBox aggregate tree at pinned commit,root Apache-2.0 declaration exists; per-file origin not independently verified,reference only; manual history audit required
1,https://github.com/BlackBoxing/BlackBox,a0a330732c51dd9476c618ede31ec7d4a168a5d5,Bcore/src/main/java/top/niunaijun/blackbox/core/system/pm/Settings.java,001de4d124c52364450bbb370ebec0d00cccc317c72a810a6afaee487c7ef202,10184,false,none-detected,BlackBox aggregate tree at pinned commit,root Apache-2.0 declaration exists; per-file origin not independently verified,reference only; manual history audit required
1,https://github.com/BlackBoxing/BlackBox,a0a330732c51dd9476c618ede31ec7d4a168a5d5,Bcore/src/main/java/top/niunaijun/blackbox/core/system/pm/SharedUserSetting.java,f095771f79caae16a721b1ce87dc1acd8b8b730b8e4f5c0ee0c3164abc6fc3ec,4043,false,Apache-text;copyright-text,explicit file-header attribution; see upstream file,explicit Apache-2.0 text,reference only; direct-source comparison required
1,https://github.com/BlackBoxing/BlackBox,a0a330732c51dd9476c618ede31ec7d4a168a5d5,Bcore/src/main/java/top/niunaijun/blackbox/core/system/pm/installer/CopyExecutor.java,01513260bc282d0b7700adc78f6472925e4711e031c724c1702b481442d63f49,1959,false,none-detected,BlackBox aggregate tree at pinned commit,root Apache-2.0 declaration exists; per-file origin not independently verified,reference only; manual history audit required
1,https://github.com/BlackBoxing/BlackBox,a0a330732c51dd9476c618ede31ec7d4a168a5d5,Bcore/src/main/java/top/niunaijun/blackbox/core/system/pm/installer/CreatePackageExecutor.java,ba74adbff029c4f1b0c873245832a8a658b06118146b1f8a5a53722ddfa28970,867,false,none-detected,BlackBox aggregate tree at pinned commit,root Apache-2.0 declaration exists; per-file origin not independently verified,reference only; manual history audit required
1,https://github.com/BlackBoxing/BlackBox,a0a330732c51dd9476c618ede31ec7d4a168a5d5,Bcore/src/main/java/top/niunaijun/blackbox/core/system/pm/installer/CreateUserExecutor.java,da8a4020f80324e43ee63c9119e233fc8363849c29339d932b321a561bc5fc26,1512,false,none-detected,BlackBox aggregate tree at pinned commit,root Apache-2.0 declaration exists; per-file origin not independently verified,reference only; manual history audit required
1,https://github.com/BlackBoxing/BlackBox,a0a330732c51dd9476c618ede31ec7d4a168a5d5,Bcore/src/main/java/top/niunaijun/blackbox/core/system/pm/installer/Executor.java,32e9a1cedc9ee233540c18ebd67eded1189529f0bd70909bf2d38566eab1e078,467,false,none-detected,BlackBox aggregate tree at pinned commit,root Apache-2.0 declaration exists; per-file origin not independently verified,reference only; manual history audit required
1,https://github.com/BlackBoxing/BlackBox,a0a330732c51dd9476c618ede31ec7d4a168a5d5,Bcore/src/main/java/top/niunaijun/blackbox/core/system/pm/installer/RemoveAppExecutor.java,ae18af975e81004ed1c85b0066fdecb3856bff8af8a94bd2158adec402fdadbb,658,false,none-detected,BlackBox aggregate tree at pinned commit,root Apache-2.0 declaration exists; per-file origin not independently verified,reference only; manual history audit required
1,https://github.com/BlackBoxing/BlackBox,a0a330732c51dd9476c618ede31ec7d4a168a5d5,Bcore/src/main/java/top/niunaijun/blackbox/core/system/pm/installer/RemoveUserExecutor.java,300c6a25833216a6c0b9ff9a25bd9e46e48bce9014b840ffd5d8c2d1f7860bf0,926,false,none-detected,BlackBox aggregate tree at pinned commit,root Apache-2.0 declaration exists; per-file origin not independently verified,reference only; manual history audit required
1,https://github.com/BlackBoxing/BlackBox,a0a330732c51dd9476c618ede31ec7d4a168a5d5,Bcore/src/main/java/top/niunaijun/blackbox/core/system/user/BUserHandle.java,0467007a8b56ade8c973db6ed8c488ed0e9d7d51774b6e6b3b5891062703b64e,13449,false,Apache-text;copyright-text,explicit file-header attribution; see upstream file,explicit Apache-2.0 text,reference only; direct-source comparison required
1,https://github.com/BlackBoxing/BlackBox,a0a330732c51dd9476c618ede31ec7d4a168a5d5,Bcore/src/main/java/top/niunaijun/blackbox/core/system/user/BUserInfo.java,12a6e5e3b3d1b080fca80e79ffcca874b4d98cb02b5588ee66cc993541472d0a,1666,false,none-detected,BlackBox aggregate tree at pinned commit,root Apache-2.0 declaration exists; per-file origin not independently verified,reference only; manual history audit required
1,https://github.com/BlackBoxing/BlackBox,a0a330732c51dd9476c618ede31ec7d4a168a5d5,Bcore/src/main/java/top/niunaijun/blackbox/core/system/user/BUserManagerService.java,b96baafd251c93859feb92a617b07cde03f35f548ca84918742d3de5d0f37183,5241,false,none-detected,BlackBox aggregate tree at pinned commit,root Apache-2.0 declaration exists; per-file origin not independently verified,reference only; manual history audit required
1,https://github.com/BlackBoxing/BlackBox,a0a330732c51dd9476c618ede31ec7d4a168a5d5,Bcore/src/main/java/top/niunaijun/blackbox/core/system/user/BUserStatus.java,ada37575b60158766fc23f621f82d94385773f8b615a898a1ba98449c197f81a,227,false,none-detected,BlackBox aggregate tree at pinned commit,root Apache-2.0 declaration exists; per-file origin not independently verified,reference only; manual history audit required
1,https://github.com/BlackBoxing/BlackBox,a0a330732c51dd9476c618ede31ec7d4a168a5d5,Bcore/src/main/java/top/niunaijun/blackbox/entity/AppConfig.java,fd1dc127abca3e02cde0df63c8aba29928160e4573d5c00471d5d7aa4bcf45ba,1823,false,none-detected,BlackBox aggregate tree at pinned commit,root Apache-2.0 declaration exists; per-file origin not independently verified,reference only; manual history audit required
1,https://github.com/BlackBoxing/BlackBox,a0a330732c51dd9476c618ede31ec7d4a168a5d5,Bcore/src/main/java/top/niunaijun/blackbox/entity/JobRecord.java,8fd543a99f00aa525ce54afd9efc2f1d426c958e40629520b15019c2b8a3e5fb,1354,false,none-detected,BlackBox aggregate tree at pinned commit,root Apache-2.0 declaration exists; per-file origin not independently verified,reference only; manual history audit required
1,https://github.com/BlackBoxing/BlackBox,a0a330732c51dd9476c618ede31ec7d4a168a5d5,Bcore/src/main/java/top/niunaijun/blackbox/entity/ServiceRecord.java,e73573673e1f4f40aa96843e8589464976bf7e36ff488481fe98e0f3bfc56158,3745,false,none-detected,BlackBox aggregate tree at pinned commit,root Apache-2.0 declaration exists; per-file origin not independently verified,reference only; manual history audit required
1,https://github.com/BlackBoxing/BlackBox,a0a330732c51dd9476c618ede31ec7d4a168a5d5,Bcore/src/main/java/top/niunaijun/blackbox/entity/UnbindRecord.java,965fb9ceafe19912c0949b37efd8cb629e2ef377df94711675f2b1ad08f94de5,1936,false,none-detected,BlackBox aggregate tree at pinned commit,root Apache-2.0 declaration exists; per-file origin not independently verified,reference only; manual history audit required
1,https://github.com/BlackBoxing/BlackBox,a0a330732c51dd9476c618ede31ec7d4a168a5d5,Bcore/src/main/java/top/niunaijun/blackbox/entity/am/PendingResultData.java,978f9a6bee49eab41b335a67fbc3f25ea128c07e24104e312ea69dd3c35ab6f2,6113,false,none-detected,BlackBox aggregate tree at pinned commit,root Apache-2.0 declaration exists; per-file origin not independently verified,reference only; manual history audit required
1,https://github.com/BlackBoxing/BlackBox,a0a330732c51dd9476c618ede31ec7d4a168a5d5,Bcore/src/main/java/top/niunaijun/blackbox/entity/am/ReceiverData.java,b1bb8ae55cb7f9f0215e804c03edbea0492b9b5677b9309e5e3cb7ccf2d79fa5,1724,false,none-detected,BlackBox aggregate tree at pinned commit,root Apache-2.0 declaration exists; per-file origin not independently verified,reference only; manual history audit required
1,https://github.com/BlackBoxing/BlackBox,a0a330732c51dd9476c618ede31ec7d4a168a5d5,Bcore/src/main/java/top/niunaijun/blackbox/entity/am/RunningAppProcessInfo.java,8946ced0b1e834243d3d268122a91cb8e86f739f69e994e83407228dd211da07,1476,false,none-detected,BlackBox aggregate tree at pinned commit,root Apache-2.0 declaration exists; per-file origin not independently verified,reference only; manual history audit required
1,https://github.com/BlackBoxing/BlackBox,a0a330732c51dd9476c618ede31ec7d4a168a5d5,Bcore/src/main/java/top/niunaijun/blackbox/entity/am/RunningServiceInfo.java,4f729ac915c155affd981edc58c46c3b3b38f2c6ebedde206abc5ff9bb894bf6,1460,false,none-detected,BlackBox aggregate tree at pinned commit,root Apache-2.0 declaration exists; per-file origin not independently verified,reference only; manual history audit required
1,https://github.com/BlackBoxing/BlackBox,a0a330732c51dd9476c618ede31ec7d4a168a5d5,Bcore/src/main/java/top/niunaijun/blackbox/entity/device/BDeviceConfig.java,5ba77a23e8b98ba273665715d32cf3cbf7eab7b6ac9809f4924504b70a385b54,378,false,none-detected,BlackBox aggregate tree at pinned commit,root Apache-2.0 declaration exists; per-file origin not independently verified,reference only; manual history audit required
1,https://github.com/BlackBoxing/BlackBox,a0a330732c51dd9476c618ede31ec7d4a168a5d5,Bcore/src/main/java/top/niunaijun/blackbox/entity/location/BCell.java,ff728eee302d347fd6268323e9576102b0d029bbf37c7c6a452b6183d758adbc,2998,false,none-detected,BlackBox aggregate tree at pinned commit,root Apache-2.0 declaration exists; per-file origin not independently verified,reference only; manual history audit required
1,https://github.com/BlackBoxing/BlackBox,a0a330732c51dd9476c618ede31ec7d4a168a5d5,Bcore/src/main/java/top/niunaijun/blackbox/entity/location/BLocation.java,529e2b48a8cdf38a485c307d3fb4526df090197b39b84df25781df085a3ab637,4468,false,Apache-text;copyright-text,explicit file-header attribution; see upstream file,explicit Apache-2.0 text,reference only; direct-source comparison required
1,https://github.com/BlackBoxing/BlackBox,a0a330732c51dd9476c618ede31ec7d4a168a5d5,Bcore/src/main/java/top/niunaijun/blackbox/entity/location/BLocationConfig.java,ae151f0559dfe2a37f598d32b932fe019a4a121ae559ffc7bf4872e3767f1e61,1675,false,none-detected,BlackBox aggregate tree at pinned commit,root Apache-2.0 declaration exists; per-file origin not independently verified,reference only; manual history audit required
1,https://github.com/BlackBoxing/BlackBox,a0a330732c51dd9476c618ede31ec7d4a168a5d5,Bcore/src/main/java/top/niunaijun/blackbox/entity/pm/InstallOption.java,1d1f65fb8fdda4b253f6bdc7902c13ea73b3a7d93b5f89fc9769c9955380a310,1974,false,none-detected,BlackBox aggregate tree at pinned commit,root Apache-2.0 declaration exists; per-file origin not independently verified,reference only; manual history audit required
1,https://github.com/BlackBoxing/BlackBox,a0a330732c51dd9476c618ede31ec7d4a168a5d5,Bcore/src/main/java/top/niunaijun/blackbox/entity/pm/InstallResult.java,62f5863170ef01291b62180ac758a6d4f546795b7d8ad378cea7b82157007fbd,1785,false,none-detected,BlackBox aggregate tree at pinned commit,root Apache-2.0 declaration exists; per-file origin not independently verified,reference only; manual history audit required
1,https://github.com/BlackBoxing/BlackBox,a0a330732c51dd9476c618ede31ec7d4a168a5d5,Bcore/src/main/java/top/niunaijun/blackbox/entity/pm/InstalledModule.java,c6b742825008d5ddb9724420ba41d58cabdade83fa24e47c095a692750eed688,2095,false,none-detected,BlackBox aggregate tree at pinned commit,root Apache-2.0 declaration exists; per-file origin not independently verified,reference only; manual history audit required
1,https://github.com/BlackBoxing/BlackBox,a0a330732c51dd9476c618ede31ec7d4a168a5d5,Bcore/src/main/java/top/niunaijun/blackbox/entity/pm/InstalledPackage.java,b919c86438767f5f97c81f80f9db47ce59c14a54e721bc8a16808ef349850433,2206,false,none-detected,BlackBox aggregate tree at pinned commit,root Apache-2.0 declaration exists; per-file origin not independently verified,reference only; manual history audit required
1,https://github.com/BlackBoxing/BlackBox,a0a330732c51dd9476c618ede31ec7d4a168a5d5,Bcore/src/main/java/top/niunaijun/blackbox/entity/pm/XposedConfig.java,48db9aa86b58f1ec20f5c87f3a0afcc75e7ddc87d7226ff00998ea275b872173,1758,false,none-detected,BlackBox aggregate tree at pinned commit,root Apache-2.0 declaration exists; per-file origin not independently verified,reference only; manual history audit required
1,https://github.com/BlackBoxing/BlackBox,a0a330732c51dd9476c618ede31ec7d4a168a5d5,Bcore/src/main/java/top/niunaijun/blackbox/fake/delegate/AppInstrumentation.java,04a49efe312b8ce1748b4492efae1505e78479819b9bebe276b834edd426496f,5711,false,none-detected,BlackBox aggregate tree at pinned commit,root Apache-2.0 declaration exists; per-file origin not independently verified,reference only; manual history audit required
1,https://github.com/BlackBoxing/BlackBox,a0a330732c51dd9476c618ede31ec7d4a168a5d5,Bcore/src/main/java/top/niunaijun/blackbox/fake/delegate/BaseInstrumentationDelegate.java,fa14119b07ed9a0a3fc501a7a29a6cf516be46337f6c6a277edd96caa5a0a7d6,16277,false,none-detected,BlackBox aggregate tree at pinned commit,root Apache-2.0 declaration exists; per-file origin not independently verified,reference only; manual history audit required
1,https://github.com/BlackBoxing/BlackBox,a0a330732c51dd9476c618ede31ec7d4a168a5d5,Bcore/src/main/java/top/niunaijun/blackbox/fake/delegate/ContentProviderDelegate.java,25450c77c35a49c3349323a0628fd866c8fbd2420e967e7d899a13894d4a188b,4727,false,none-detected,BlackBox aggregate tree at pinned commit,root Apache-2.0 declaration exists; per-file origin not independently verified,reference only; manual history audit required
1,https://github.com/BlackBoxing/BlackBox,a0a330732c51dd9476c618ede31ec7d4a168a5d5,Bcore/src/main/java/top/niunaijun/blackbox/fake/delegate/InnerReceiverDelegate.java,dbb82dab79d9e978391091db475f4611bd4158d0a9b69752e8e3fabf9221b9f5,3028,false,none-detected,BlackBox aggregate tree at pinned commit,root Apache-2.0 declaration exists; per-file origin not independently verified,reference only; manual history audit required
1,https://github.com/BlackBoxing/BlackBox,a0a330732c51dd9476c618ede31ec7d4a168a5d5,Bcore/src/main/java/top/niunaijun/blackbox/fake/delegate/ServiceConnectionDelegate.java,0377eeb2c18af63f8eb4cde05949b2a463d94dda2e57fbd4f07c745baf4cc3c6,2460,false,none-detected,BlackBox aggregate tree at pinned commit,root Apache-2.0 declaration exists; per-file origin not independently verified,reference only; manual history audit required
1,https://github.com/BlackBoxing/BlackBox,a0a330732c51dd9476c618ede31ec7d4a168a5d5,Bcore/src/main/java/top/niunaijun/blackbox/fake/frameworks/BAccountManager.java,3a42196bd0a4083440a1594fcb39f137d675bee809a0f1a8dda34287b01c3992,12577,false,none-detected,BlackBox aggregate tree at pinned commit,root Apache-2.0 declaration exists; per-file origin not independently verified,reference only; manual history audit required
1,https://github.com/BlackBoxing/BlackBox,a0a330732c51dd9476c618ede31ec7d4a168a5d5,Bcore/src/main/java/top/niunaijun/blackbox/fake/frameworks/BActivityManager.java,9190656b319223404e90648fd442f0161dbde633c3c14c5ed7e2d2fcdf772b99,9706,false,none-detected,BlackBox aggregate tree at pinned commit,root Apache-2.0 declaration exists; per-file origin not independently verified,reference only; manual history audit required
1,https://github.com/BlackBoxing/BlackBox,a0a330732c51dd9476c618ede31ec7d4a168a5d5,Bcore/src/main/java/top/niunaijun/blackbox/fake/frameworks/BJobManager.java,5fe22f5eacf0deaa63ae3fa36b0d4b31c5925ac9dbfbd3a2c985656e8fcd9d7f,1866,false,none-detected,BlackBox aggregate tree at pinned commit,root Apache-2.0 declaration exists; per-file origin not independently verified,reference only; manual history audit required
1,https://github.com/BlackBoxing/BlackBox,a0a330732c51dd9476c618ede31ec7d4a168a5d5,Bcore/src/main/java/top/niunaijun/blackbox/fake/frameworks/BLocationManager.java,4f3613cf82c24a8a007a3f02dbfe4a09095356663a168b5ac01f5f96a9881e51,5967,false,none-detected,BlackBox aggregate tree at pinned commit,root Apache-2.0 declaration exists; per-file origin not independently verified,reference only; manual history audit required
1,https://github.com/BlackBoxing/BlackBox,a0a330732c51dd9476c618ede31ec7d4a168a5d5,Bcore/src/main/java/top/niunaijun/blackbox/fake/frameworks/BNotificationManager.java,eb280003e30f3555ae0a9a749d5d8b9985bc1cb71cf2a16f3bda721c5be590b7,3596,false,none-detected,BlackBox aggregate tree at pinned commit,root Apache-2.0 declaration exists; per-file origin not independently verified,reference only; manual history audit required
1,https://github.com/BlackBoxing/BlackBox,a0a330732c51dd9476c618ede31ec7d4a168a5d5,Bcore/src/main/java/top/niunaijun/blackbox/fake/frameworks/BPackageManager.java,ecbec4d5b1515a87f4fe4777301846a13a4e567be6383b1bba8e7c9d2e97b788,9585,false,none-detected,BlackBox aggregate tree at pinned commit,root Apache-2.0 declaration exists; per-file origin not independently verified,reference only; manual history audit required
1,https://github.com/BlackBoxing/BlackBox,a0a330732c51dd9476c618ede31ec7d4a168a5d5,Bcore/src/main/java/top/niunaijun/blackbox/fake/frameworks/BStorageManager.java,d75e3706f58b76271e5257627debe69af0b36280ad2e3b02357ebc31310b342c,1327,false,none-detected,BlackBox aggregate tree at pinned commit,root Apache-2.0 declaration exists; per-file origin not independently verified,reference only; manual history audit required
1,https://github.com/BlackBoxing/BlackBox,a0a330732c51dd9476c618ede31ec7d4a168a5d5,Bcore/src/main/java/top/niunaijun/blackbox/fake/frameworks/BUserManager.java,d4a2a8da93cd1c2542e18ea14f9c4cb0ce1888d87a38f459ac568b82e2e6c4d1,1459,false,none-detected,BlackBox aggregate tree at pinned commit,root Apache-2.0 declaration exists; per-file origin not independently verified,reference only; manual history audit required
1,https://github.com/BlackBoxing/BlackBox,a0a330732c51dd9476c618ede31ec7d4a168a5d5,Bcore/src/main/java/top/niunaijun/blackbox/fake/frameworks/BXposedManager.java,4dc603e024636a0c34ba0c057bfd87273a0debd8701a1fa7c3634e9dbf281b30,1983,false,none-detected,BlackBox aggregate tree at pinned commit,root Apache-2.0 declaration exists; per-file origin not independently verified,reference only; manual history audit required
1,https://github.com/BlackBoxing/BlackBox,a0a330732c51dd9476c618ede31ec7d4a168a5d5,Bcore/src/main/java/top/niunaijun/blackbox/fake/frameworks/BlackManager.java,aa9b6187a0dd30440d0b7e2a003e8095c6474ebde7b76c4072e7e91fa6d5221b,1550,false,none-detected,BlackBox aggregate tree at pinned commit,root Apache-2.0 declaration exists; per-file origin not independently verified,reference only; manual history audit required
1,https://github.com/BlackBoxing/BlackBox,a0a330732c51dd9476c618ede31ec7d4a168a5d5,Bcore/src/main/java/top/niunaijun/blackbox/fake/hook/BinderInvocationStub.java,b0334e28fd181c01df9a361d7fc70f423853c5280ca01142e046a626fdffe02d,2355,false,none-detected,BlackBox aggregate tree at pinned commit,root Apache-2.0 declaration exists; per-file origin not independently verified,reference only; manual history audit required
1,https://github.com/BlackBoxing/BlackBox,a0a330732c51dd9476c618ede31ec7d4a168a5d5,Bcore/src/main/java/top/niunaijun/blackbox/fake/hook/ClassInvocationStub.java,3ec13f90282974d4a4ffd228551f77e88ded91dcb494a85e0d23df4b077496f7,4482,false,none-detected,BlackBox aggregate tree at pinned commit,root Apache-2.0 declaration exists; per-file origin not independently verified,reference only; manual history audit required
1,https://github.com/BlackBoxing/BlackBox,a0a330732c51dd9476c618ede31ec7d4a168a5d5,Bcore/src/main/java/top/niunaijun/blackbox/fake/hook/HookManager.java,fc230a9330eb247dddf5344526d462e57a0e74147fb3707c2f23c8ec0d1eebec,8991,false,none-detected,BlackBox aggregate tree at pinned commit,root Apache-2.0 declaration exists; per-file origin not independently verified,reference only; manual history audit required
1,https://github.com/BlackBoxing/BlackBox,a0a330732c51dd9476c618ede31ec7d4a168a5d5,Bcore/src/main/java/top/niunaijun/blackbox/fake/hook/IInjectHook.java,b82513f959cae7a19dc05c4c1edb4fc309f69661314b4393d0407513f11b6b9a,255,false,none-detected,BlackBox aggregate tree at pinned commit,root Apache-2.0 declaration exists; per-file origin not independently verified,reference only; manual history audit required
1,https://github.com/BlackBoxing/BlackBox,a0a330732c51dd9476c618ede31ec7d4a168a5d5,Bcore/src/main/java/top/niunaijun/blackbox/fake/hook/MethodHook.java,91dbcae3c9f49d4cfb9dc6470b4d99baf52aeb0e89f3e4d7aa3bd324b17251d1,780,false,none-detected,BlackBox aggregate tree at pinned commit,root Apache-2.0 declaration exists; per-file origin not independently verified,reference only; manual history audit required
1,https://github.com/BlackBoxing/BlackBox,a0a330732c51dd9476c618ede31ec7d4a168a5d5,Bcore/src/main/java/top/niunaijun/blackbox/fake/hook/ProxyMethod.java,e9d34fafea8a98d8ea9eaa032fda3e65b009221847147caa70ebdc95fc4a596a,458,false,none-detected,BlackBox aggregate tree at pinned commit,root Apache-2.0 declaration exists; per-file origin not independently verified,reference only; manual history audit required
1,https://github.com/BlackBoxing/BlackBox,a0a330732c51dd9476c618ede31ec7d4a168a5d5,Bcore/src/main/java/top/niunaijun/blackbox/fake/hook/ProxyMethods.java,7fdd8b8247709ac3d8ffe85b260072bcf9036211a051c5722d4f060d17bb8220,472,false,none-detected,BlackBox aggregate tree at pinned commit,root Apache-2.0 declaration exists; per-file origin not independently verified,reference only; manual history audit required
1,https://github.com/BlackBoxing/BlackBox,a0a330732c51dd9476c618ede31ec7d4a168a5d5,Bcore/src/main/java/top/niunaijun/blackbox/fake/hook/ProxyVersion.java,a111212c27c876897d66119d8f939709708b1bbb220a961e5a46fdacec1d7589,442,false,none-detected,BlackBox aggregate tree at pinned commit,root Apache-2.0 declaration exists; per-file origin not independently verified,reference only; manual history audit required
1,https://github.com/BlackBoxing/BlackBox,a0a330732c51dd9476c618ede31ec7d4a168a5d5,Bcore/src/main/java/top/niunaijun/blackbox/fake/hook/ScanClass.java,997a645b4ad38724d19fb8f86191f43546fb817c59d0813a34f6bdb9219bf083,469,false,none-detected,BlackBox aggregate tree at pinned commit,root Apache-2.0 declaration exists; per-file origin not independently verified,reference only; manual history audit required
1,https://github.com/BlackBoxing/BlackBox,a0a330732c51dd9476c618ede31ec7d4a168a5d5,Bcore/src/main/java/top/niunaijun/blackbox/fake/provider/FileProvider.java,4e27c1c5c4a39f80a59dddf96441811ae2129307ab1016abcce6094de627f0e1,22460,false,none-detected,BlackBox aggregate tree at pinned commit,root Apache-2.0 declaration exists; per-file origin not independently verified,reference only; manual history audit required
1,https://github.com/BlackBoxing/BlackBox,a0a330732c51dd9476c618ede31ec7d4a168a5d5,Bcore/src/main/java/top/niunaijun/blackbox/fake/provider/FileProviderHandler.java,8b0c73fddafdf4e18304e8ef7ddd0b5408889fdb1d5894c808e8effe7fdca76b,1392,false,none-detected,BlackBox aggregate tree at pinned commit,root Apache-2.0 declaration exists; per-file origin not independently verified,reference only; manual history audit required
1,https://github.com/BlackBoxing/BlackBox,a0a330732c51dd9476c618ede31ec7d4a168a5d5,Bcore/src/main/java/top/niunaijun/blackbox/fake/service/ActivityManagerCommonProxy.java,ba3e8e5d8eaa50ca1c84d6b39842fc9972a5c4052d3247d87369280435ad016b,8347,false,none-detected,BlackBox aggregate tree at pinned commit,root Apache-2.0 declaration exists; per-file origin not independently verified,reference only; manual history audit required
1,https://github.com/BlackBoxing/BlackBox,a0a330732c51dd9476c618ede31ec7d4a168a5d5,Bcore/src/main/java/top/niunaijun/blackbox/fake/service/BuildProxy.kt,ef4932e34f9044277306dc358f0b349b99ca79dc24ec295844bf04320424ee4f,981,false,none-detected,BlackBox aggregate tree at pinned commit,root Apache-2.0 declaration exists; per-file origin not independently verified,reference only; manual history audit required
1,https://github.com/BlackBoxing/BlackBox,a0a330732c51dd9476c618ede31ec7d4a168a5d5,Bcore/src/main/java/top/niunaijun/blackbox/fake/service/HCallbackProxy.java,b93e778e5ec5b9f41024a607e684e9e0e529aef21ce0bc75164378e7540d9e30,10354,false,none-detected,BlackBox aggregate tree at pinned commit,root Apache-2.0 declaration exists; per-file origin not independently verified,reference only; manual history audit required
1,https://github.com/BlackBoxing/BlackBox,a0a330732c51dd9476c618ede31ec7d4a168a5d5,Bcore/src/main/java/top/niunaijun/blackbox/fake/service/IAccessibilityManagerProxy.java,bc2deccb7e667249e096cc0cdc1387aaef0d18db78e73e6d5cb6151f6b143bcd,2174,false,none-detected,BlackBox aggregate tree at pinned commit,root Apache-2.0 declaration exists; per-file origin not independently verified,reference only; manual history audit required
1,https://github.com/BlackBoxing/BlackBox,a0a330732c51dd9476c618ede31ec7d4a168a5d5,Bcore/src/main/java/top/niunaijun/blackbox/fake/service/IAccountManagerProxy.java,bf6ef730a0e297fef8a556c96f6f21157b3da3291601f3a924dd8da33448af24,15056,false,none-detected,BlackBox aggregate tree at pinned commit,root Apache-2.0 declaration exists; per-file origin not independently verified,reference only; manual history audit required
1,https://github.com/BlackBoxing/BlackBox,a0a330732c51dd9476c618ede31ec7d4a168a5d5,Bcore/src/main/java/top/niunaijun/blackbox/fake/service/IActivityClientProxy.java,4c0ed14a0ec72f009d09315496dc5ba8e4b1d788e75aefbe24995ddbc2e187ec,3367,false,none-detected,BlackBox aggregate tree at pinned commit,root Apache-2.0 declaration exists; per-file origin not independently verified,reference only; manual history audit required
1,https://github.com/BlackBoxing/BlackBox,a0a330732c51dd9476c618ede31ec7d4a168a5d5,Bcore/src/main/java/top/niunaijun/blackbox/fake/service/IActivityManagerProxy.java,6c93475d6f66e7cc724c1cb0ee305b04b8d3fbd907a234278f774612669cda79,27295,false,none-detected,BlackBox aggregate tree at pinned commit,root Apache-2.0 declaration exists; per-file origin not independently verified,reference only; manual history audit required
1,https://github.com/BlackBoxing/BlackBox,a0a330732c51dd9476c618ede31ec7d4a168a5d5,Bcore/src/main/java/top/niunaijun/blackbox/fake/service/IActivityTaskManagerProxy.java,b5c83449fc28a4d7d3a629752a872fc7af8520a789de2d812632a93c71dcaedb,2122,false,none-detected,BlackBox aggregate tree at pinned commit,root Apache-2.0 declaration exists; per-file origin not independently verified,reference only; manual history audit required
1,https://github.com/BlackBoxing/BlackBox,a0a330732c51dd9476c618ede31ec7d4a168a5d5,Bcore/src/main/java/top/niunaijun/blackbox/fake/service/IAlarmManagerProxy.java,36336ac56b4d02bd1c45bf2383b1f75cf6e93af29d984d5771ac87b235ff3778,1322,false,none-detected,BlackBox aggregate tree at pinned commit,root Apache-2.0 declaration exists; per-file origin not independently verified,reference only; manual history audit required
1,https://github.com/BlackBoxing/BlackBox,a0a330732c51dd9476c618ede31ec7d4a168a5d5,Bcore/src/main/java/top/niunaijun/blackbox/fake/service/IAppOpsManagerProxy.java,e8011e0903ef48dc2bed87cc1b7c68c87e644b1f770e8d132d287f8808fc1369,4249,false,none-detected,BlackBox aggregate tree at pinned commit,root Apache-2.0 declaration exists; per-file origin not independently verified,reference only; manual history audit required
1,https://github.com/BlackBoxing/BlackBox,a0a330732c51dd9476c618ede31ec7d4a168a5d5,Bcore/src/main/java/top/niunaijun/blackbox/fake/service/IAppWidgetManagerProxy.java,25400965e3a3d967ae1cc06857299a9c4e88bcb352bbfb1331e356ac690bb694,3282,false,none-detected,BlackBox aggregate tree at pinned commit,root Apache-2.0 declaration exists; per-file origin not independently verified,reference only; manual history audit required
1,https://github.com/BlackBoxing/BlackBox,a0a330732c51dd9476c618ede31ec7d4a168a5d5,Bcore/src/main/java/top/niunaijun/blackbox/fake/service/IAutofillManagerProxy.java,37c0a2eb78b15b80c018c7b723f4c215bc66d221fecd575468c23ad750669fb7,1988,false,none-detected,BlackBox aggregate tree at pinned commit,root Apache-2.0 declaration exists; per-file origin not independently verified,reference only; manual history audit required
1,https://github.com/BlackBoxing/BlackBox,a0a330732c51dd9476c618ede31ec7d4a168a5d5,Bcore/src/main/java/top/niunaijun/blackbox/fake/service/IBluetoothManagerProxy.java,4540dce97cd35ec3f51cfa8e0c1d597c035463b48a0a4c9b8c2e9e8c02a4a807,1609,false,none-detected,BlackBox aggregate tree at pinned commit,root Apache-2.0 declaration exists; per-file origin not independently verified,reference only; manual history audit required
1,https://github.com/BlackBoxing/BlackBox,a0a330732c51dd9476c618ede31ec7d4a168a5d5,Bcore/src/main/java/top/niunaijun/blackbox/fake/service/IConnectivityManagerProxy.java,25df327caf10f56edbf59882edcc21f31e88fef8a1e7137be2765c541bb7fed8,2524,false,none-detected,BlackBox aggregate tree at pinned commit,root Apache-2.0 declaration exists; per-file origin not independently verified,reference only; manual history audit required
1,https://github.com/BlackBoxing/BlackBox,a0a330732c51dd9476c618ede31ec7d4a168a5d5,Bcore/src/main/java/top/niunaijun/blackbox/fake/service/IContextHubServiceProxy.java,2b003a64db34dfe45464a61300ccfe6d5210ce547b40506cabd3b1bf089b6e29,1431,false,none-detected,BlackBox aggregate tree at pinned commit,root Apache-2.0 declaration exists; per-file origin not independently verified,reference only; manual history audit required
1,https://github.com/BlackBoxing/BlackBox,a0a330732c51dd9476c618ede31ec7d4a168a5d5,Bcore/src/main/java/top/niunaijun/blackbox/fake/service/IDeviceIdentifiersPolicyProxy.java,7c71cab0811b87a9831ffd848195eb7e4e77ac8964f87b14fa71722dc19de02e,1595,false,none-detected,BlackBox aggregate tree at pinned commit,root Apache-2.0 declaration exists; per-file origin not independently verified,reference only; manual history audit required
1,https://github.com/BlackBoxing/BlackBox,a0a330732c51dd9476c618ede31ec7d4a168a5d5,Bcore/src/main/java/top/niunaijun/blackbox/fake/service/IDevicePolicyManagerProxy.java,92ef2c79cd61103313c1cd91e37f7926179742520cac47fe4704ea8924f02c3b,2711,false,none-detected,BlackBox aggregate tree at pinned commit,root Apache-2.0 declaration exists; per-file origin not independently verified,reference only; manual history audit required
1,https://github.com/BlackBoxing/BlackBox,a0a330732c51dd9476c618ede31ec7d4a168a5d5,Bcore/src/main/java/top/niunaijun/blackbox/fake/service/IDisplayManagerProxy.java,234276b8a6382c509b547a9258b81c94dece40602e28d9a3679dc20f6640b195,1806,false,none-detected,BlackBox aggregate tree at pinned commit,root Apache-2.0 declaration exists; per-file origin not independently verified,reference only; manual history audit required
1,https://github.com/BlackBoxing/BlackBox,a0a330732c51dd9476c618ede31ec7d4a168a5d5,Bcore/src/main/java/top/niunaijun/blackbox/fake/service/IFingerprintManagerProxy.java,b1c06b7abc1e3bf5e703fb8453dcc9da64f8d3430f8fed70911de55166f112aa,1516,false,none-detected,BlackBox aggregate tree at pinned commit,root Apache-2.0 declaration exists; per-file origin not independently verified,reference only; manual history audit required
1,https://github.com/BlackBoxing/BlackBox,a0a330732c51dd9476c618ede31ec7d4a168a5d5,Bcore/src/main/java/top/niunaijun/blackbox/fake/service/IGraphicsStatsProxy.java,2916d80db97b02feefc98393c26cc0cb19d8e32f068bfbc6ea426050cec2b060,1457,false,none-detected,BlackBox aggregate tree at pinned commit,root Apache-2.0 declaration exists; per-file origin not independently verified,reference only; manual history audit required
1,https://github.com/BlackBoxing/BlackBox,a0a330732c51dd9476c618ede31ec7d4a168a5d5,Bcore/src/main/java/top/niunaijun/blackbox/fake/service/IJobServiceProxy.java,190907a4958d7ad7fabbb92369127bb5b50c6f63bf563280feff116845a2addc,3040,false,none-detected,BlackBox aggregate tree at pinned commit,root Apache-2.0 declaration exists; per-file origin not independently verified,reference only; manual history audit required
1,https://github.com/BlackBoxing/BlackBox,a0a330732c51dd9476c618ede31ec7d4a168a5d5,Bcore/src/main/java/top/niunaijun/blackbox/fake/service/ILauncherAppsProxy.java,9c6f2e6c263c3bcf2bbca75e762062b12664079fbfa4a64b8c2d6aebbd78042f,1434,false,none-detected,BlackBox aggregate tree at pinned commit,root Apache-2.0 declaration exists; per-file origin not independently verified,reference only; manual history audit required
1,https://github.com/BlackBoxing/BlackBox,a0a330732c51dd9476c618ede31ec7d4a168a5d5,Bcore/src/main/java/top/niunaijun/blackbox/fake/service/ILocationManagerProxy.java,82b2a5d41b80af3f894498cf15f615cd942d575e87ef83e530edb517de9c6b0e,16086,false,none-detected,BlackBox aggregate tree at pinned commit,root Apache-2.0 declaration exists; per-file origin not independently verified,reference only; manual history audit required
1,https://github.com/BlackBoxing/BlackBox,a0a330732c51dd9476c618ede31ec7d4a168a5d5,Bcore/src/main/java/top/niunaijun/blackbox/fake/service/IMediaRouterServiceProxy.java,82ed35c8b8099878e9aa2b8a571c5f426a3d55d642fce213e8ad0d507d0f017a,1809,false,none-detected,BlackBox aggregate tree at pinned commit,root Apache-2.0 declaration exists; per-file origin not independently verified,reference only; manual history audit required
1,https://github.com/BlackBoxing/BlackBox,a0a330732c51dd9476c618ede31ec7d4a168a5d5,Bcore/src/main/java/top/niunaijun/blackbox/fake/service/IMediaSessionManagerProxy.java,858f92b0545ac59a0c4e4c41b4767d47fbec70c9c519768b805fc56d607f252a,1612,false,none-detected,BlackBox aggregate tree at pinned commit,root Apache-2.0 declaration exists; per-file origin not independently verified,reference only; manual history audit required
1,https://github.com/BlackBoxing/BlackBox,a0a330732c51dd9476c618ede31ec7d4a168a5d5,Bcore/src/main/java/top/niunaijun/blackbox/fake/service/INetworkManagementServiceProxy.java,75b7dd60fac4674dff7edda31113999cb021624cdc179a2d7e8cd57889758dd8,1973,false,none-detected,BlackBox aggregate tree at pinned commit,root Apache-2.0 declaration exists; per-file origin not independently verified,reference only; manual history audit required
1,https://github.com/BlackBoxing/BlackBox,a0a330732c51dd9476c618ede31ec7d4a168a5d5,Bcore/src/main/java/top/niunaijun/blackbox/fake/service/INotificationManagerProxy.java,9b60d1347633b156e0e108758edaafb0b1e25b376fe5f1471ede4bdd5fdec731,6731,false,none-detected,BlackBox aggregate tree at pinned commit,root Apache-2.0 declaration exists; per-file origin not independently verified,reference only; manual history audit required
1,https://github.com/BlackBoxing/BlackBox,a0a330732c51dd9476c618ede31ec7d4a168a5d5,Bcore/src/main/java/top/niunaijun/blackbox/fake/service/IPackageManagerProxy.java,685803154266c8dc21c55bfb8d90f1366555468ff31d1abac21efd26d7807a13,15429,false,none-detected,BlackBox aggregate tree at pinned commit,root Apache-2.0 declaration exists; per-file origin not independently verified,reference only; manual history audit required
1,https://github.com/BlackBoxing/BlackBox,a0a330732c51dd9476c618ede31ec7d4a168a5d5,Bcore/src/main/java/top/niunaijun/blackbox/fake/service/IPermissionManagerProxy.java,c44c693bce87e66fc9a537264a61b59bdb992da4887cc1b12f1a896a777a05d5,3124,false,none-detected,BlackBox aggregate tree at pinned commit,root Apache-2.0 declaration exists; per-file origin not independently verified,reference only; manual history audit required
1,https://github.com/BlackBoxing/BlackBox,a0a330732c51dd9476c618ede31ec7d4a168a5d5,Bcore/src/main/java/top/niunaijun/blackbox/fake/service/IPersistentDataBlockServiceProxy.java,015a6736937e2c3992789b0f2440f6b37bd3ed70705c52f07f92cc4a9e436434,1569,false,none-detected,BlackBox aggregate tree at pinned commit,root Apache-2.0 declaration exists; per-file origin not independently verified,reference only; manual history audit required
1,https://github.com/BlackBoxing/BlackBox,a0a330732c51dd9476c618ede31ec7d4a168a5d5,Bcore/src/main/java/top/niunaijun/blackbox/fake/service/IPhoneSubInfoProxy.java,0af8cab8b45f0486597bbee2156587c18f938d7d4d7464dc49cc814e71275e1c,2727,false,none-detected,BlackBox aggregate tree at pinned commit,root Apache-2.0 declaration exists; per-file origin not independently verified,reference only; manual history audit required
1,https://github.com/BlackBoxing/BlackBox,a0a330732c51dd9476c618ede31ec7d4a168a5d5,Bcore/src/main/java/top/niunaijun/blackbox/fake/service/IPowerManagerProxy.java,1eaf1bd1fef08b6990248ed4d6a407fd75c92f5ea3f1d799f814517243ac273a,1398,false,none-detected,BlackBox aggregate tree at pinned commit,root Apache-2.0 declaration exists; per-file origin not independently verified,reference only; manual history audit required
1,https://github.com/BlackBoxing/BlackBox,a0a330732c51dd9476c618ede31ec7d4a168a5d5,Bcore/src/main/java/top/niunaijun/blackbox/fake/service/IShortcutManagerProxy.java,980eb37f60d7f5c0b42481f0fee2b3d217f834dc44f2410220e31946584394fd,4077,false,none-detected,BlackBox aggregate tree at pinned commit,root Apache-2.0 declaration exists; per-file origin not independently verified,reference only; manual history audit required
1,https://github.com/BlackBoxing/BlackBox,a0a330732c51dd9476c618ede31ec7d4a168a5d5,Bcore/src/main/java/top/niunaijun/blackbox/fake/service/IStorageManagerProxy.java,ce794fe6fa6da429eafebc3767e5a48cb36d19d894010c37c5b069e82f01f6ae,2923,false,none-detected,BlackBox aggregate tree at pinned commit,root Apache-2.0 declaration exists; per-file origin not independently verified,reference only; manual history audit required
1,https://github.com/BlackBoxing/BlackBox,a0a330732c51dd9476c618ede31ec7d4a168a5d5,Bcore/src/main/java/top/niunaijun/blackbox/fake/service/IStorageStatsManagerProxy.java,549f2a565e9215a286ce060aeb42380c5c1529dd71c5051b2d78c095efdd0475,2064,false,none-detected,BlackBox aggregate tree at pinned commit,root Apache-2.0 declaration exists; per-file origin not independently verified,reference only; manual history audit required
1,https://github.com/BlackBoxing/BlackBox,a0a330732c51dd9476c618ede31ec7d4a168a5d5,Bcore/src/main/java/top/niunaijun/blackbox/fake/service/ISubProxy.java,0790ac7d0de2076cd02ba14e980bb0e66c9e95150794eefd2019edbb152dab97,2328,false,none-detected,BlackBox aggregate tree at pinned commit,root Apache-2.0 declaration exists; per-file origin not independently verified,reference only; manual history audit required
1,https://github.com/BlackBoxing/BlackBox,a0a330732c51dd9476c618ede31ec7d4a168a5d5,Bcore/src/main/java/top/niunaijun/blackbox/fake/service/ISystemUpdateProxy.java,945fa4ece457503188b806955841bb5af7b00a39ec5b763fe4f7a3fd30fc7ca1,852,false,none-detected,BlackBox aggregate tree at pinned commit,root Apache-2.0 declaration exists; per-file origin not independently verified,reference only; manual history audit required
1,https://github.com/BlackBoxing/BlackBox,a0a330732c51dd9476c618ede31ec7d4a168a5d5,Bcore/src/main/java/top/niunaijun/blackbox/fake/service/ITelephonyManagerProxy.java,ba780a27ce17f5c7f3ca8e3275049f9aa2312646788cd3b89bb5675f6303b34d,7179,false,none-detected,BlackBox aggregate tree at pinned commit,root Apache-2.0 declaration exists; per-file origin not independently verified,reference only; manual history audit required
1,https://github.com/BlackBoxing/BlackBox,a0a330732c51dd9476c618ede31ec7d4a168a5d5,Bcore/src/main/java/top/niunaijun/blackbox/fake/service/ITelephonyRegistryProxy.java,881668b680d8f46abbfd4228168bcf23ac54ba62ce396d0ce6e19f72fe6d877b,1820,false,none-detected,BlackBox aggregate tree at pinned commit,root Apache-2.0 declaration exists; per-file origin not independently verified,reference only; manual history audit required
1,https://github.com/BlackBoxing/BlackBox,a0a330732c51dd9476c618ede31ec7d4a168a5d5,Bcore/src/main/java/top/niunaijun/blackbox/fake/service/IUserManagerProxy.java,8ed693de9d4f2196f4b474f88ff140a6727515a4aabb0c2d5dc8b8f3b12d9e36,2247,false,none-detected,BlackBox aggregate tree at pinned commit,root Apache-2.0 declaration exists; per-file origin not independently verified,reference only; manual history audit required
1,https://github.com/BlackBoxing/BlackBox,a0a330732c51dd9476c618ede31ec7d4a168a5d5,Bcore/src/main/java/top/niunaijun/blackbox/fake/service/IVibratorServiceProxy.java,95fb63332706a5ebe5b7fd61cb2b93f68dfee66aef7f8c87645bb43ade0b67e8,1718,false,none-detected,BlackBox aggregate tree at pinned commit,root Apache-2.0 declaration exists; per-file origin not independently verified,reference only; manual history audit required
1,https://github.com/BlackBoxing/BlackBox,a0a330732c51dd9476c618ede31ec7d4a168a5d5,Bcore/src/main/java/top/niunaijun/blackbox/fake/service/IVpnManagerProxy.java,27fc81491767c6c4a885337889dd3f98e7b8b9decdded1ecba6c428e3a557e6d,1130,false,none-detected,BlackBox aggregate tree at pinned commit,root Apache-2.0 declaration exists; per-file origin not independently verified,reference only; manual history audit required
1,https://github.com/BlackBoxing/BlackBox,a0a330732c51dd9476c618ede31ec7d4a168a5d5,Bcore/src/main/java/top/niunaijun/blackbox/fake/service/IWifiManagerProxy.java,40411fa6860dfb69c22e368c088c6f326d6ef08007659066de38e224b8992ef9,3934,false,none-detected,BlackBox aggregate tree at pinned commit,root Apache-2.0 declaration exists; per-file origin not independently verified,reference only; manual history audit required
1,https://github.com/BlackBoxing/BlackBox,a0a330732c51dd9476c618ede31ec7d4a168a5d5,Bcore/src/main/java/top/niunaijun/blackbox/fake/service/IWifiScannerProxy.java,6d8abfdef2874bf1e48cf833c52dd224db64191ac6b4e548f9bec633732cd128,903,false,none-detected,BlackBox aggregate tree at pinned commit,root Apache-2.0 declaration exists; per-file origin not independently verified,reference only; manual history audit required
1,https://github.com/BlackBoxing/BlackBox,a0a330732c51dd9476c618ede31ec7d4a168a5d5,Bcore/src/main/java/top/niunaijun/blackbox/fake/service/IWindowManagerProxy.java,522d1ae3dc6ff8bbe6a60aed85b3df52cf9b84e39afb6b9c12ffa2dafd4bf6d0,1730,false,none-detected,BlackBox aggregate tree at pinned commit,root Apache-2.0 declaration exists; per-file origin not independently verified,reference only; manual history audit required
1,https://github.com/BlackBoxing/BlackBox,a0a330732c51dd9476c618ede31ec7d4a168a5d5,Bcore/src/main/java/top/niunaijun/blackbox/fake/service/IWindowSessionProxy.java,74a0f7cdf36841fc45b250c6eac7c355a7558e24128be75b76c4ac6770089771,1869,false,none-detected,BlackBox aggregate tree at pinned commit,root Apache-2.0 declaration exists; per-file origin not independently verified,reference only; manual history audit required
1,https://github.com/BlackBoxing/BlackBox,a0a330732c51dd9476c618ede31ec7d4a168a5d5,Bcore/src/main/java/top/niunaijun/blackbox/fake/service/VpnCommonProxy.java,aaac7ea7bf8cd63be46db7b0deba476b3248bf984372de89e4cacf553d3ce405,2166,false,none-detected,BlackBox aggregate tree at pinned commit,root Apache-2.0 declaration exists; per-file origin not independently verified,reference only; manual history audit required
1,https://github.com/BlackBoxing/BlackBox,a0a330732c51dd9476c618ede31ec7d4a168a5d5,Bcore/src/main/java/top/niunaijun/blackbox/fake/service/base/PkgMethodProxy.java,7ae62e9e7c80224173a6666b691c26cd9bcb4c7fdf471112b3fcbd39a775e67c,597,false,none-detected,BlackBox aggregate tree at pinned commit,root Apache-2.0 declaration exists; per-file origin not independently verified,reference only; manual history audit required
1,https://github.com/BlackBoxing/BlackBox,a0a330732c51dd9476c618ede31ec7d4a168a5d5,Bcore/src/main/java/top/niunaijun/blackbox/fake/service/base/UidMethodProxy.java,a207012f8c2540374948080c540443ebc0a7324f52aaeb381b4be9604c035c13,913,false,none-detected,BlackBox aggregate tree at pinned commit,root Apache-2.0 declaration exists; per-file origin not independently verified,reference only; manual history audit required
1,https://github.com/BlackBoxing/BlackBox,a0a330732c51dd9476c618ede31ec7d4a168a5d5,Bcore/src/main/java/top/niunaijun/blackbox/fake/service/base/ValueMethodProxy.java,13a1580284be61fdc20c35bb4b3dd8ecfb53b0902a6d73019bfa666ea4650f4e,524,false,none-detected,BlackBox aggregate tree at pinned commit,root Apache-2.0 declaration exists; per-file origin not independently verified,reference only; manual history audit required
1,https://github.com/BlackBoxing/BlackBox,a0a330732c51dd9476c618ede31ec7d4a168a5d5,Bcore/src/main/java/top/niunaijun/blackbox/fake/service/context/ContentServiceStub.java,947e90f0c7a2c598051cb4bf69160848832c636c1182b5bcd75d5079e1f92b49,1554,false,none-detected,BlackBox aggregate tree at pinned commit,root Apache-2.0 declaration exists; per-file origin not independently verified,reference only; manual history audit required
1,https://github.com/BlackBoxing/BlackBox,a0a330732c51dd9476c618ede31ec7d4a168a5d5,Bcore/src/main/java/top/niunaijun/blackbox/fake/service/context/GnssStatusListenerStub.java,5242e4429c2055d5f85631df2b33a8eb538cdcfa344b027a110ed63a1ae997cf,4763,false,none-detected,BlackBox aggregate tree at pinned commit,root Apache-2.0 declaration exists; per-file origin not independently verified,reference only; manual history audit required
1,https://github.com/BlackBoxing/BlackBox,a0a330732c51dd9476c618ede31ec7d4a168a5d5,Bcore/src/main/java/top/niunaijun/blackbox/fake/service/context/LocationConsumerStub.java,6cfb6f3b2dc381b780c86f1c741fe3ae0184c2806fbba3aa66c1a2ce368f0560,1803,false,none-detected,BlackBox aggregate tree at pinned commit,root Apache-2.0 declaration exists; per-file origin not independently verified,reference only; manual history audit required
1,https://github.com/BlackBoxing/BlackBox,a0a330732c51dd9476c618ede31ec7d4a168a5d5,Bcore/src/main/java/top/niunaijun/blackbox/fake/service/context/LocationListenerStub.java,44a33b4ca99ce25a4c92aefd1c5f8bbcb6caecc2b6b32c97f75d3c15d0951b88,2354,false,none-detected,BlackBox aggregate tree at pinned commit,root Apache-2.0 declaration exists; per-file origin not independently verified,reference only; manual history audit required
1,https://github.com/BlackBoxing/BlackBox,a0a330732c51dd9476c618ede31ec7d4a168a5d5,Bcore/src/main/java/top/niunaijun/blackbox/fake/service/context/RestrictionsManagerStub.java,b1a4d742469a3a2a82164ebf8d34faa0cb8c364c9685a0c19515ece0b0b8c14a,1543,false,none-detected,BlackBox aggregate tree at pinned commit,root Apache-2.0 declaration exists; per-file origin not independently verified,reference only; manual history audit required
1,https://github.com/BlackBoxing/BlackBox,a0a330732c51dd9476c618ede31ec7d4a168a5d5,Bcore/src/main/java/top/niunaijun/blackbox/fake/service/context/providers/BContentProvider.java,d7381547582cc6678bb02f919551e4adf8fde097f4c3e9cba1511a62721193c8,347,false,none-detected,BlackBox aggregate tree at pinned commit,root Apache-2.0 declaration exists; per-file origin not independently verified,reference only; manual history audit required
1,https://github.com/BlackBoxing/BlackBox,a0a330732c51dd9476c618ede31ec7d4a168a5d5,Bcore/src/main/java/top/niunaijun/blackbox/fake/service/context/providers/ContentProviderStub.java,ef168f4a2a72d317b30922cbea32d48bdcf4e0c01876798435ddf247f376db6c,2013,false,none-detected,BlackBox aggregate tree at pinned commit,root Apache-2.0 declaration exists; per-file origin not independently verified,reference only; manual history audit required
1,https://github.com/BlackBoxing/BlackBox,a0a330732c51dd9476c618ede31ec7d4a168a5d5,Bcore/src/main/java/top/niunaijun/blackbox/fake/service/context/providers/SystemProviderStub.java,721a053b1bab67ab5d16370036e6db85d146fbae1c294d795b473dd0577a123d,1813,false,none-detected,BlackBox aggregate tree at pinned commit,root Apache-2.0 declaration exists; per-file origin not independently verified,reference only; manual history audit required
1,https://github.com/BlackBoxing/BlackBox,a0a330732c51dd9476c618ede31ec7d4a168a5d5,Bcore/src/main/java/top/niunaijun/blackbox/fake/service/libcore/OsStub.java,1d77b3b5ac1dc336557882aaf203072925d9854aa527cfa483d37fc6a09e29a1,3373,false,none-detected,BlackBox aggregate tree at pinned commit,root Apache-2.0 declaration exists; per-file origin not independently verified,reference only; manual history audit required
1,https://github.com/BlackBoxing/BlackBox,a0a330732c51dd9476c618ede31ec7d4a168a5d5,Bcore/src/main/java/top/niunaijun/blackbox/proxy/ProxyActivity.java,6ff01513a40eef9933f80bbf7976fce8efc5c265dd6b4f428a1123660b7d2883,4569,false,none-detected,BlackBox aggregate tree at pinned commit,root Apache-2.0 declaration exists; per-file origin not independently verified,reference only; manual history audit required
1,https://github.com/BlackBoxing/BlackBox,a0a330732c51dd9476c618ede31ec7d4a168a5d5,Bcore/src/main/java/top/niunaijun/blackbox/proxy/ProxyBroadcastReceiver.java,87a79fdf5b2f927e84fb64bbc4592f28921430134c6e77c7ce046030651b74da,1131,false,none-detected,BlackBox aggregate tree at pinned commit,root Apache-2.0 declaration exists; per-file origin not independently verified,reference only; manual history audit required
1,https://github.com/BlackBoxing/BlackBox,a0a330732c51dd9476c618ede31ec7d4a168a5d5,Bcore/src/main/java/top/niunaijun/blackbox/proxy/ProxyContentProvider.java,3688e82c5dbd4530cd789df34c88051a2c2e3a8445070b996d3ae89ceadf81b4,6039,false,none-detected,BlackBox aggregate tree at pinned commit,root Apache-2.0 declaration exists; per-file origin not independently verified,reference only; manual history audit required
1,https://github.com/BlackBoxing/BlackBox,a0a330732c51dd9476c618ede31ec7d4a168a5d5,Bcore/src/main/java/top/niunaijun/blackbox/proxy/ProxyJobService.java,6a7961de3bc930ebe0c2a2687246ab410fd113533942c0326fd49ef1673e2606,4861,false,none-detected,BlackBox aggregate tree at pinned commit,root Apache-2.0 declaration exists; per-file origin not independently verified,reference only; manual history audit required
1,https://github.com/BlackBoxing/BlackBox,a0a330732c51dd9476c618ede31ec7d4a168a5d5,Bcore/src/main/java/top/niunaijun/blackbox/proxy/ProxyManifest.java,12467449c097f8f33ce322b38d1c675288c2f1290af1c7f48a25cc049102597b,2013,false,none-detected,BlackBox aggregate tree at pinned commit,root Apache-2.0 declaration exists; per-file origin not independently verified,reference only; manual history audit required
1,https://github.com/BlackBoxing/BlackBox,a0a330732c51dd9476c618ede31ec7d4a168a5d5,Bcore/src/main/java/top/niunaijun/blackbox/proxy/ProxyPendingActivity.java,73dee5b28189f6132ef0e975107c9968a411308a739bb8b483c8f653cb064d0b,4756,false,none-detected,BlackBox aggregate tree at pinned commit,root Apache-2.0 declaration exists; per-file origin not independently verified,reference only; manual history audit required
1,https://github.com/BlackBoxing/BlackBox,a0a330732c51dd9476c618ede31ec7d4a168a5d5,Bcore/src/main/java/top/niunaijun/blackbox/proxy/ProxyService.java,2d99138ce43eb74d20d904da8b481788d25c13ed87719b1c0b1c5cb5cfae0b96,5320,false,none-detected,BlackBox aggregate tree at pinned commit,root Apache-2.0 declaration exists; per-file origin not independently verified,reference only; manual history audit required
1,https://github.com/BlackBoxing/BlackBox,a0a330732c51dd9476c618ede31ec7d4a168a5d5,Bcore/src/main/java/top/niunaijun/blackbox/proxy/ProxyVpnService.java,759c3a72479a06c044f3d9dfcada36ba01f101f34f026feea2f79643f2139846,179,false,none-detected,BlackBox aggregate tree at pinned commit,root Apache-2.0 declaration exists; per-file origin not independently verified,reference only; manual history audit required
1,https://github.com/BlackBoxing/BlackBox,a0a330732c51dd9476c618ede31ec7d4a168a5d5,Bcore/src/main/java/top/niunaijun/blackbox/proxy/TransparentProxyActivity.java,33ada19f6381020114b647e3f384348fc216cc940ce7101ec200bc2ceb6f91e7,3895,false,none-detected,BlackBox aggregate tree at pinned commit,root Apache-2.0 declaration exists; per-file origin not independently verified,reference only; manual history audit required
1,https://github.com/BlackBoxing/BlackBox,a0a330732c51dd9476c618ede31ec7d4a168a5d5,Bcore/src/main/java/top/niunaijun/blackbox/proxy/record/ProxyActivityRecord.java,8a7888688459c8101c78ffe1355b9de2d1f2ec4db588c839282efd91b9949a66,1489,false,none-detected,BlackBox aggregate tree at pinned commit,root Apache-2.0 declaration exists; per-file origin not independently verified,reference only; manual history audit required
1,https://github.com/BlackBoxing/BlackBox,a0a330732c51dd9476c618ede31ec7d4a168a5d5,Bcore/src/main/java/top/niunaijun/blackbox/proxy/record/ProxyBroadcastRecord.java,d4f81c0170123d8f1a61ddec6147f2b27c72ad88765a4b6d1fda4ab308a43a34,1073,false,none-detected,BlackBox aggregate tree at pinned commit,root Apache-2.0 declaration exists; per-file origin not independently verified,reference only; manual history audit required
1,https://github.com/BlackBoxing/BlackBox,a0a330732c51dd9476c618ede31ec7d4a168a5d5,Bcore/src/main/java/top/niunaijun/blackbox/proxy/record/ProxyPendingRecord.java,c94484e5ee4cebc0002c95546b5ee2142f2f0443b0cce690dbf8108ba94fd564,1080,false,none-detected,BlackBox aggregate tree at pinned commit,root Apache-2.0 declaration exists; per-file origin not independently verified,reference only; manual history audit required
1,https://github.com/BlackBoxing/BlackBox,a0a330732c51dd9476c618ede31ec7d4a168a5d5,Bcore/src/main/java/top/niunaijun/blackbox/proxy/record/ProxyServiceRecord.java,04f1413f3db26c388b1d914c7f1103be19a5db8b4a8e9d3ff59d6e65136002ec,1734,false,none-detected,BlackBox aggregate tree at pinned commit,root Apache-2.0 declaration exists; per-file origin not independently verified,reference only; manual history audit required
1,https://github.com/BlackBoxing/BlackBox,a0a330732c51dd9476c618ede31ec7d4a168a5d5,Bcore/src/main/java/top/niunaijun/blackbox/utils/AbiUtils.java,5e4a68992d1562caa522dc416c9ea9ce6e5434df2cd40b7991fb460d7b68ae37,2221,false,none-detected,BlackBox aggregate tree at pinned commit,root Apache-2.0 declaration exists; per-file origin not independently verified,reference only; manual history audit required
1,https://github.com/BlackBoxing/BlackBox,a0a330732c51dd9476c618ede31ec7d4a168a5d5,Bcore/src/main/java/top/niunaijun/blackbox/utils/ArrayUtils.java,f409a24bddf99decd2127150a1d9a0059363c1d6534232b8bef0f9bde0a4b5a1,3373,false,none-detected,BlackBox aggregate tree at pinned commit,root Apache-2.0 declaration exists; per-file origin not independently verified,reference only; manual history audit required
1,https://github.com/BlackBoxing/BlackBox,a0a330732c51dd9476c618ede31ec7d4a168a5d5,Bcore/src/main/java/top/niunaijun/blackbox/utils/CloseUtils.java,67d245dc83424c5f7861221c7a557d7d50c30eb134e901f39142f0d003ee4387,637,false,none-detected,BlackBox aggregate tree at pinned commit,root Apache-2.0 declaration exists; per-file origin not independently verified,reference only; manual history audit required
1,https://github.com/BlackBoxing/BlackBox,a0a330732c51dd9476c618ede31ec7d4a168a5d5,Bcore/src/main/java/top/niunaijun/blackbox/utils/ComponentUtils.java,723b838203190429d81e29d6e81448d2e0505d611efa71d84b612435992913a4,3958,false,none-detected,BlackBox aggregate tree at pinned commit,root Apache-2.0 declaration exists; per-file origin not independently verified,reference only; manual history audit required
1,https://github.com/BlackBoxing/BlackBox,a0a330732c51dd9476c618ede31ec7d4a168a5d5,Bcore/src/main/java/top/niunaijun/blackbox/utils/DrawableUtils.java,5c7a53747d4f6eb52e8e841b8b48ebabd31661ca8ff51f3a7d35eed0f4105974,905,false,none-detected,BlackBox aggregate tree at pinned commit,root Apache-2.0 declaration exists; per-file origin not independently verified,reference only; manual history audit required
1,https://github.com/BlackBoxing/BlackBox,a0a330732c51dd9476c618ede31ec7d4a168a5d5,Bcore/src/main/java/top/niunaijun/blackbox/utils/FileUtils.java,057cab9c278a2d79de98fad21d140cc016905d8c8bb4425c4ca87c2dafa84bec,17261,false,none-detected,BlackBox aggregate tree at pinned commit,root Apache-2.0 declaration exists; per-file origin not independently verified,reference only; manual history audit required
1,https://github.com/BlackBoxing/BlackBox,a0a330732c51dd9476c618ede31ec7d4a168a5d5,Bcore/src/main/java/top/niunaijun/blackbox/utils/HackAppUtils.java,7a44b9ef755259d68fcc903751ee0c75de603de825401deca914a3e16b1b7fe6,1895,false,none-detected,BlackBox aggregate tree at pinned commit,root Apache-2.0 declaration exists; per-file origin not independently verified,reference only; manual history audit required
1,https://github.com/BlackBoxing/BlackBox,a0a330732c51dd9476c618ede31ec7d4a168a5d5,Bcore/src/main/java/top/niunaijun/blackbox/utils/Md5Utils.java,6bdc0c0459c34567f0009096933c682f4075bf1e62352d9e50cfe84547dfe689,2625,false,none-detected,BlackBox aggregate tree at pinned commit,root Apache-2.0 declaration exists; per-file origin not independently verified,reference only; manual history audit required
1,https://github.com/BlackBoxing/BlackBox,a0a330732c51dd9476c618ede31ec7d4a168a5d5,Bcore/src/main/java/top/niunaijun/blackbox/utils/MethodParameterUtils.java,e218525fa6be14c17c8d147cb9b13a7337c5a9f8b91b738c59d1ab06eb269a59,5017,false,none-detected,BlackBox aggregate tree at pinned commit,root Apache-2.0 declaration exists; per-file origin not independently verified,reference only; manual history audit required
1,https://github.com/BlackBoxing/BlackBox,a0a330732c51dd9476c618ede31ec7d4a168a5d5,Bcore/src/main/java/top/niunaijun/blackbox/utils/NativeUtils.java,2eb9820fe462668565b247e33fac26719ce9167e2192bed6b6c73d3716f2b25f,3684,false,none-detected,BlackBox aggregate tree at pinned commit,root Apache-2.0 declaration exists; per-file origin not independently verified,reference only; manual history audit required
1,https://github.com/BlackBoxing/BlackBox,a0a330732c51dd9476c618ede31ec7d4a168a5d5,Bcore/src/main/java/top/niunaijun/blackbox/utils/ReflectionClass.java,728f48d0dbaec10ef543b49df4dadd1915c401a0c29b3350c59e016107bf1d70,7294,false,none-detected,BlackBox aggregate tree at pinned commit,root Apache-2.0 declaration exists; per-file origin not independently verified,reference only; manual history audit required
1,https://github.com/BlackBoxing/BlackBox,a0a330732c51dd9476c618ede31ec7d4a168a5d5,Bcore/src/main/java/top/niunaijun/blackbox/utils/Reflector.java,4a3c568d2b391d9aff537f811442ca1aed1ae07e6e33b73090c7ba891fb60ff1,8835,false,none-detected,BlackBox aggregate tree at pinned commit,root Apache-2.0 declaration exists; per-file origin not independently verified,reference only; manual history audit required
1,https://github.com/BlackBoxing/BlackBox,a0a330732c51dd9476c618ede31ec7d4a168a5d5,Bcore/src/main/java/top/niunaijun/blackbox/utils/ShellUtils.java,de8143ac61f870d8e6533e3b7fe666c1d28de57ee8db266c11d698f74bacac03,6321,false,none-detected,BlackBox aggregate tree at pinned commit,root Apache-2.0 declaration exists; per-file origin not independently verified,reference only; manual history audit required
1,https://github.com/BlackBoxing/BlackBox,a0a330732c51dd9476c618ede31ec7d4a168a5d5,Bcore/src/main/java/top/niunaijun/blackbox/utils/Slog.java,b771ca5f49d2359fe2a2d10b7630c1b358e2f45eef70b4cc869f7033dcc53234,2552,false,Apache-text;copyright-text,explicit file-header attribution; see upstream file,explicit Apache-2.0 text,reference only; direct-source comparison required
1,https://github.com/BlackBoxing/BlackBox,a0a330732c51dd9476c618ede31ec7d4a168a5d5,Bcore/src/main/java/top/niunaijun/blackbox/utils/TrieTree.java,759b467137de28ac3fe86aea6aa134286c94bdff5e8f4f5f48affb7894303f45,2439,false,none-detected,BlackBox aggregate tree at pinned commit,root Apache-2.0 declaration exists; per-file origin not independently verified,reference only; manual history audit required
1,https://github.com/BlackBoxing/BlackBox,a0a330732c51dd9476c618ede31ec7d4a168a5d5,Bcore/src/main/java/top/niunaijun/blackbox/utils/compat/AccountManagerCompat.java,2aca0d2d938f4fb6b7ce9c8b26ac004db36f5db99e8019038fc5f73e028e8f04,1708,false,none-detected,BlackBox aggregate tree at pinned commit,root Apache-2.0 declaration exists; per-file origin not independently verified,reference only; manual history audit required
1,https://github.com/BlackBoxing/BlackBox,a0a330732c51dd9476c618ede31ec7d4a168a5d5,Bcore/src/main/java/top/niunaijun/blackbox/utils/compat/ActivityCompat.java,e3ae755d67b3b72ba093269116699591d82c238a0245e407816a247e64462581,3610,false,none-detected,BlackBox aggregate tree at pinned commit,root Apache-2.0 declaration exists; per-file origin not independently verified,reference only; manual history audit required
1,https://github.com/BlackBoxing/BlackBox,a0a330732c51dd9476c618ede31ec7d4a168a5d5,Bcore/src/main/java/top/niunaijun/blackbox/utils/compat/ActivityManagerCompat.java,35cfdd2f89e3a7939e81f451c7961649d216da1b58cc17244980cbed1929ffee,4297,false,none-detected,BlackBox aggregate tree at pinned commit,root Apache-2.0 declaration exists; per-file origin not independently verified,reference only; manual history audit required
1,https://github.com/BlackBoxing/BlackBox,a0a330732c51dd9476c618ede31ec7d4a168a5d5,Bcore/src/main/java/top/niunaijun/blackbox/utils/compat/ApplicationThreadCompat.java,760b9e15de71d7bcc67f258a0f946c0c65853712300d4ec50c28923d7e3c45e7,525,false,none-detected,BlackBox aggregate tree at pinned commit,root Apache-2.0 declaration exists; per-file origin not independently verified,reference only; manual history audit required
1,https://github.com/BlackBoxing/BlackBox,a0a330732c51dd9476c618ede31ec7d4a168a5d5,Bcore/src/main/java/top/niunaijun/blackbox/utils/compat/BuildCompat.java,eb82554a65edaf0346fa9eb5081cdbb10a011dccf595f5053eb945efea285378,4319,false,none-detected,BlackBox aggregate tree at pinned commit,root Apache-2.0 declaration exists; per-file origin not independently verified,reference only; manual history audit required
1,https://github.com/BlackBoxing/BlackBox,a0a330732c51dd9476c618ede31ec7d4a168a5d5,Bcore/src/main/java/top/niunaijun/blackbox/utils/compat/BundleCompat.java,1c1856b67d4bbaba58bf23c6c54d58341595d9bf8165b0477b159a4cfa733d09,1936,false,none-detected,BlackBox aggregate tree at pinned commit,root Apache-2.0 declaration exists; per-file origin not independently verified,reference only; manual history audit required
1,https://github.com/BlackBoxing/BlackBox,a0a330732c51dd9476c618ede31ec7d4a168a5d5,Bcore/src/main/java/top/niunaijun/blackbox/utils/compat/ContentProviderCompat.java,fccf215a3f3ecef1875042e755512cb8b01453f074ef597849631f550065ad7a,3399,false,none-detected,BlackBox aggregate tree at pinned commit,root Apache-2.0 declaration exists; per-file origin not independently verified,reference only; manual history audit required
1,https://github.com/BlackBoxing/BlackBox,a0a330732c51dd9476c618ede31ec7d4a168a5d5,Bcore/src/main/java/top/niunaijun/blackbox/utils/compat/ContextCompat.java,e483c67db757cda74f3987abdb33ce4a28c3ca713649865cfe6d2d24d3c0a672,2557,false,none-detected,BlackBox aggregate tree at pinned commit,root Apache-2.0 declaration exists; per-file origin not independently verified,reference only; manual history audit required
1,https://github.com/BlackBoxing/BlackBox,a0a330732c51dd9476c618ede31ec7d4a168a5d5,Bcore/src/main/java/top/niunaijun/blackbox/utils/compat/DexFileCompat.java,ab2675c63a4a21258c4e1d53c83dc244a8dde48ab59fcade857a7f7be5b381cb,2644,false,none-detected,BlackBox aggregate tree at pinned commit,root Apache-2.0 declaration exists; per-file origin not independently verified,reference only; manual history audit required
1,https://github.com/BlackBoxing/BlackBox,a0a330732c51dd9476c618ede31ec7d4a168a5d5,Bcore/src/main/java/top/niunaijun/blackbox/utils/compat/PackageParserCompat.java,936517c5ea14cfc58b399b4523aab8eaa231865c7b1e2a08e1cc2b669486eb40,3554,false,none-detected,BlackBox aggregate tree at pinned commit,root Apache-2.0 declaration exists; per-file origin not independently verified,reference only; manual history audit required
1,https://github.com/BlackBoxing/BlackBox,a0a330732c51dd9476c618ede31ec7d4a168a5d5,Bcore/src/main/java/top/niunaijun/blackbox/utils/compat/ParceledListSliceCompat.java,a341aa65ddc389673a8a9ee86c6022d362772f7033616736fb3d50baba73576c,881,false,none-detected,BlackBox aggregate tree at pinned commit,root Apache-2.0 declaration exists; per-file origin not independently verified,reference only; manual history audit required
1,https://github.com/BlackBoxing/BlackBox,a0a330732c51dd9476c618ede31ec7d4a168a5d5,Bcore/src/main/java/top/niunaijun/blackbox/utils/compat/StartActivityCompat.java,26a4dfdb04fef643a7c8d8c6f8d59b5b792b01f1219f30968518a466f4f832eb,5985,false,none-detected,BlackBox aggregate tree at pinned commit,root Apache-2.0 declaration exists; per-file origin not independently verified,reference only; manual history audit required
1,https://github.com/BlackBoxing/BlackBox,a0a330732c51dd9476c618ede31ec7d4a168a5d5,Bcore/src/main/java/top/niunaijun/blackbox/utils/compat/StrictModeCompat.java,7e66b0463dab49678e7533ea42816dbb64a5e2b522d4c6f338f3be373a670c9b,1157,false,none-detected,BlackBox aggregate tree at pinned commit,root Apache-2.0 declaration exists; per-file origin not independently verified,reference only; manual history audit required
1,https://github.com/BlackBoxing/BlackBox,a0a330732c51dd9476c618ede31ec7d4a168a5d5,Bcore/src/main/java/top/niunaijun/blackbox/utils/compat/SystemPropertiesCompat.java,1b9c2ec4374fbfb7b3e217ceefa6b363da7d1d278c432dc03aea1fae79f16aaf,1308,false,none-detected,BlackBox aggregate tree at pinned commit,root Apache-2.0 declaration exists; per-file origin not independently verified,reference only; manual history audit required
1,https://github.com/BlackBoxing/BlackBox,a0a330732c51dd9476c618ede31ec7d4a168a5d5,Bcore/src/main/java/top/niunaijun/blackbox/utils/compat/TaskDescriptionCompat.java,a3e3a102e114b616e1275dbfcd6cc9a1f01b19833ed5e16e8ded6533a4d88bc6,2071,false,none-detected,BlackBox aggregate tree at pinned commit,root Apache-2.0 declaration exists; per-file origin not independently verified,reference only; manual history audit required
1,https://github.com/BlackBoxing/BlackBox,a0a330732c51dd9476c618ede31ec7d4a168a5d5,Bcore/src/main/java/top/niunaijun/blackbox/utils/compat/XposedParserCompat.java,3b633786d5ce46ff8dc0c1d0bc1d0fe033777abc7aebc40f624afcb9e99698f3,2796,false,none-detected,BlackBox aggregate tree at pinned commit,root Apache-2.0 declaration exists; per-file origin not independently verified,reference only; manual history audit required
1,https://github.com/BlackBoxing/BlackBox,a0a330732c51dd9476c618ede31ec7d4a168a5d5,Bcore/src/main/java/top/niunaijun/blackbox/utils/provider/ProviderCall.java,b7cdd2ee67f024a159fada880fa3cb340d9edafaad9bddace9345f7034ff6757,3399,false,none-detected,BlackBox aggregate tree at pinned commit,root Apache-2.0 declaration exists; per-file origin not independently verified,reference only; manual history audit required
1,https://github.com/BlackBoxing/BlackBox,a0a330732c51dd9476c618ede31ec7d4a168a5d5,Bcore/src/main/res/drawable/ic_launcher.png,01cec2d4d6cc59f250e4bbfa445042c3a3b9ebf9788b9f34796e85c0af874da4,7909,true,none-detected,binary asset from pinned aggregate tree,per-file origin/license unresolved,exclude unless separately audited
1,https://github.com/BlackBoxing/BlackBox,a0a330732c51dd9476c618ede31ec7d4a168a5d5,Bcore/src/main/res/layout/activity_launcher.xml,2fc0d7e93855ef1a27b07ad30e9a0c82af44527479592de08e9e03cbdb648221,410,false,none-detected,BlackBox aggregate tree at pinned commit,root Apache-2.0 declaration exists; per-file origin not independently verified,reference only; manual history audit required
1,https://github.com/BlackBoxing/BlackBox,a0a330732c51dd9476c618ede31ec7d4a168a5d5,Bcore/src/main/res/values/strings.xml,0a35844e6901a47a9f976348cd1486c5d184074662138e4bb491b6140d97a1dc,124,false,none-detected,BlackBox aggregate tree at pinned commit,root Apache-2.0 declaration exists; per-file origin not independently verified,reference only; manual history audit required
1,https://github.com/BlackBoxing/BlackBox,a0a330732c51dd9476c618ede31ec7d4a168a5d5,Bcore/src/main/res/values/styles.xml,84b304d046e263516a3b811c939b667692cfacd86d190acbdd6a558e82e348ef,352,false,none-detected,BlackBox aggregate tree at pinned commit,root Apache-2.0 declaration exists; per-file origin not independently verified,reference only; manual history audit required
1,https://github.com/BlackBoxing/BlackBox,a0a330732c51dd9476c618ede31ec7d4a168a5d5,Bcore/src/main/res/xml/filepath.xml,11d6449d4e6155164f28f0820bc4158a8b1854d19401f5459294c727deb8b1a7,530,false,none-detected,BlackBox aggregate tree at pinned commit,root Apache-2.0 declaration exists; per-file origin not independently verified,reference only; manual history audit required
1,https://github.com/BlackBoxing/BlackBox,a0a330732c51dd9476c618ede31ec7d4a168a5d5,LICENSE,313605fbac6945e9324d4825470796b5b7dbc012f523fdc181f6e6fd234eb88f,11525,false,Apache-text;copyright-text,BlackBox project declaration,Apache-2.0 text present,retain audit evidence only
1,https://github.com/BlackBoxing/BlackBox,a0a330732c51dd9476c618ede31ec7d4a168a5d5,README.md,ff6778b7354c22a0ebf619e31e627f0d0959dcd77a380ab1b3ac784d7edbd45c,5649,false,none-detected,BlackBox aggregate tree at pinned commit,root Apache-2.0 declaration exists; per-file origin not independently verified,reference only; manual history audit required
1,https://github.com/BlackBoxing/BlackBox,a0a330732c51dd9476c618ede31ec7d4a168a5d5,README_ZH.md,b2d1fc1fbe9b233c5b6ae5a0cdbf1ecc0806f48d59a748b8f38cec6bd90afe4b,5878,false,none-detected,BlackBox aggregate tree at pinned commit,root Apache-2.0 declaration exists; per-file origin not independently verified,reference only; manual history audit required
1,https://github.com/BlackBoxing/BlackBox,a0a330732c51dd9476c618ede31ec7d4a168a5d5,android-mirror/.gitignore,5c3174b74edc6f2b9e0743594b8bd3c7f31e4f4405758cc9872b3fe1de1d28b4,6,false,none-detected,BlackBox aggregate tree at pinned commit,root Apache-2.0 declaration exists; per-file origin not independently verified,reference only; manual history audit required
1,https://github.com/BlackBoxing/BlackBox,a0a330732c51dd9476c618ede31ec7d4a168a5d5,android-mirror/build.gradle,3e4bf5346f3886bdbbf2e123fb845aa0cee584507a5c1a5df4e7ad6c9b939d1a,1281,false,none-detected,BlackBox aggregate tree at pinned commit,root Apache-2.0 declaration exists; per-file origin not independently verified,reference only; manual history audit required
1,https://github.com/BlackBoxing/BlackBox,a0a330732c51dd9476c618ede31ec7d4a168a5d5,android-mirror/consumer-rules.pro,e3b0c44298fc1c149afbf4c8996fb92427ae41e4649b934ca495991b7852b855,0,false,none-detected,BlackBox aggregate tree at pinned commit,root Apache-2.0 declaration exists; per-file origin not independently verified,reference only; manual history audit required
1,https://github.com/BlackBoxing/BlackBox,a0a330732c51dd9476c618ede31ec7d4a168a5d5,android-mirror/proguard-rules.pro,48c84bd2ac064ce2665b62a6e7c0e87f3b4fe259708a76e16625c2b43e1bc078,770,false,none-detected,BlackBox aggregate tree at pinned commit,root Apache-2.0 declaration exists; per-file origin not independently verified,reference only; manual history audit required
1,https://github.com/BlackBoxing/BlackBox,a0a330732c51dd9476c618ede31ec7d4a168a5d5,android-mirror/src/main/AndroidManifest.xml,c51cb2b9dd76d27a9d28af38f5bdc0a7e72bd64aea669b6529beeec8568c6b40,104,false,none-detected,BlackBox aggregate tree at pinned commit,root Apache-2.0 declaration exists; per-file origin not independently verified,reference only; manual history audit required
1,https://github.com/BlackBoxing/BlackBox,a0a330732c51dd9476c618ede31ec7d4a168a5d5,android-mirror/src/main/aidl/android/accounts/IAccountAuthenticator.aidl,8a355372afc3360c33feffa55b7706c58b46cf9448b400dad50a736344ebf05a,3251,false,Apache-text;copyright-text,explicit file-header attribution; see upstream file,explicit Apache-2.0 text,reference only; direct-source comparison required
1,https://github.com/BlackBoxing/BlackBox,a0a330732c51dd9476c618ede31ec7d4a168a5d5,android-mirror/src/main/aidl/android/accounts/IAccountAuthenticatorResponse.aidl,ec5cae07703287ae605918ef25223a05c0734c31282f73bba32b4d24ded443d0,954,false,Apache-text;copyright-text,explicit file-header attribution; see upstream file,explicit Apache-2.0 text,reference only; direct-source comparison required
1,https://github.com/BlackBoxing/BlackBox,a0a330732c51dd9476c618ede31ec7d4a168a5d5,android-mirror/src/main/aidl/android/accounts/IAccountManagerResponse.aidl,34fbabb32b79863f22050225cbae68121d3525ae3015cedb1a1c533c4f37e266,297,false,none-detected,BlackBox aggregate tree at pinned commit,root Apache-2.0 declaration exists; per-file origin not independently verified,reference only; manual history audit required
1,https://github.com/BlackBoxing/BlackBox,a0a330732c51dd9476c618ede31ec7d4a168a5d5,android-mirror/src/main/aidl/android/app/IActivityManager/ContentProviderHolder.aidl,01d1ce1b5fc460e3c219956a7cb97375596a9ad94f2738522bb72ac244838372,105,false,none-detected,BlackBox aggregate tree at pinned commit,root Apache-2.0 declaration exists; per-file origin not independently verified,reference only; manual history audit required
1,https://github.com/BlackBoxing/BlackBox,a0a330732c51dd9476c618ede31ec7d4a168a5d5,android-mirror/src/main/aidl/android/app/IServiceConnection.aidl,9e17c076a46b218a8e994077c9612bdc9f60bdcf7c35f120fb277850fa218945,879,false,Apache-text;copyright-text,explicit file-header attribution; see upstream file,explicit Apache-2.0 text,reference only; direct-source comparison required
1,https://github.com/BlackBoxing/BlackBox,a0a330732c51dd9476c618ede31ec7d4a168a5d5,android-mirror/src/main/aidl/android/app/IStopUserCallback.aidl,51f489a79c1c791738c72482ba0af81c1dc8a8ba9782ee6c0db503dfd44286ad,851,false,Apache-text;copyright-text,explicit file-header attribution; see upstream file,explicit Apache-2.0 text,reference only; direct-source comparison required
1,https://github.com/BlackBoxing/BlackBox,a0a330732c51dd9476c618ede31ec7d4a168a5d5,android-mirror/src/main/aidl/android/app/IWallpaperManagerCallback.aidl,5417a06c2f9447d2843bbba9ebcfa2c8bca022798dc3db8d791ddc3a7129b4e1,816,false,Apache-text;copyright-text,explicit file-header attribution; see upstream file,explicit Apache-2.0 text,reference only; direct-source comparison required
1,https://github.com/BlackBoxing/BlackBox,a0a330732c51dd9476c618ede31ec7d4a168a5d5,android-mirror/src/main/aidl/android/app/job/IJobCallback.aidl,0d38b123c7cb647a411b0ab54202c07663a7131bd8faaea61f43c2cad46debc5,2359,false,Apache-text;copyright-text,explicit file-header attribution; see upstream file,explicit Apache-2.0 text,reference only; direct-source comparison required
1,https://github.com/BlackBoxing/BlackBox,a0a330732c51dd9476c618ede31ec7d4a168a5d5,android-mirror/src/main/aidl/android/app/job/IJobService.aidl,4b81c6ba3cafed6399242d93bf2d2ff64da5ba4a2696baf42bb68e189c275906,555,false,none-detected,BlackBox aggregate tree at pinned commit,root Apache-2.0 declaration exists; per-file origin not independently verified,reference only; manual history audit required
1,https://github.com/BlackBoxing/BlackBox,a0a330732c51dd9476c618ede31ec7d4a168a5d5,android-mirror/src/main/aidl/android/app/job/JobWorkItem.aidl,4e61bb4eac4758bd4bcd8b4a35d17ec27f46cf5dbe4a5e6e1f6bdb38b960653d,74,false,none-detected,BlackBox aggregate tree at pinned commit,root Apache-2.0 declaration exists; per-file origin not independently verified,reference only; manual history audit required
1,https://github.com/BlackBoxing/BlackBox,a0a330732c51dd9476c618ede31ec7d4a168a5d5,android-mirror/src/main/aidl/android/content/IIntentReceiver.aidl,ec35469168622e8525cffeca262a2365d68c76f5bb24c417a6e1c68909ca4150,1122,false,Apache-text;copyright-text,explicit file-header attribution; see upstream file,explicit Apache-2.0 text,reference only; direct-source comparison required
1,https://github.com/BlackBoxing/BlackBox,a0a330732c51dd9476c618ede31ec7d4a168a5d5,android-mirror/src/main/aidl/android/content/ISyncAdapter.aidl,2fa33e30cfcf3fe7b0453b4021f0e0ba9ca49a82b568c084086105310e9d9b9d,2093,false,Apache-text;copyright-text,explicit file-header attribution; see upstream file,explicit Apache-2.0 text,reference only; direct-source comparison required
1,https://github.com/BlackBoxing/BlackBox,a0a330732c51dd9476c618ede31ec7d4a168a5d5,android-mirror/src/main/aidl/android/content/ISyncContext.aidl,2ff99e20a0d7395a0652a9918c381dd03544312936a85dce40fc679573bf76eb,1267,false,Apache-text;copyright-text,explicit file-header attribution; see upstream file,explicit Apache-2.0 text,reference only; direct-source comparison required
1,https://github.com/BlackBoxing/BlackBox,a0a330732c51dd9476c618ede31ec7d4a168a5d5,android-mirror/src/main/aidl/android/content/ISyncStatusObserver.aidl,9d1884f2376944faddb0e778728f34e436e470232cdb3668c17b1903c1c79d30,104,false,none-detected,BlackBox aggregate tree at pinned commit,root Apache-2.0 declaration exists; per-file origin not independently verified,reference only; manual history audit required
1,https://github.com/BlackBoxing/BlackBox,a0a330732c51dd9476c618ede31ec7d4a168a5d5,android-mirror/src/main/aidl/android/content/SyncStatusInfo.aidl,cc262fedfd77a2f6ab588a1ad21ba8b877467ab496aecef3609acac54c7fef73,54,false,none-detected,BlackBox aggregate tree at pinned commit,root Apache-2.0 declaration exists; per-file origin not independently verified,reference only; manual history audit required
1,https://github.com/BlackBoxing/BlackBox,a0a330732c51dd9476c618ede31ec7d4a168a5d5,android-mirror/src/main/aidl/android/content/pm/IPackageDataObserver.aidl,c9e28879df6aac4e81b556f8deceb1b13bec70d41a2e825049a2b821220b24c3,352,false,none-detected,BlackBox aggregate tree at pinned commit,root Apache-2.0 declaration exists; per-file origin not independently verified,reference only; manual history audit required
1,https://github.com/BlackBoxing/BlackBox,a0a330732c51dd9476c618ede31ec7d4a168a5d5,android-mirror/src/main/aidl/android/content/pm/IPackageDeleteObserver2.aidl,1e58eadcd648f83af79944d5c0e1ccf90946d05bc5d68e6dccf58088e15d0a60,868,false,Apache-text;copyright-text,explicit file-header attribution; see upstream file,explicit Apache-2.0 text,reference only; direct-source comparison required
1,https://github.com/BlackBoxing/BlackBox,a0a330732c51dd9476c618ede31ec7d4a168a5d5,android-mirror/src/main/aidl/android/content/pm/IPackageInstallObserver.aidl,b635ae0bb0555501dda59e954528807f6d2ba030094a4cacdf41cba8c021522e,211,false,none-detected,BlackBox aggregate tree at pinned commit,root Apache-2.0 declaration exists; per-file origin not independently verified,reference only; manual history audit required
1,https://github.com/BlackBoxing/BlackBox,a0a330732c51dd9476c618ede31ec7d4a168a5d5,android-mirror/src/main/aidl/android/content/pm/IPackageInstallObserver2.aidl,06276835452b11687ad722b9e8dfea961e3cb1413431d3870ab82aad280039fd,1719,false,Apache-text;copyright-text,explicit file-header attribution; see upstream file,explicit Apache-2.0 text,reference only; direct-source comparison required
1,https://github.com/BlackBoxing/BlackBox,a0a330732c51dd9476c618ede31ec7d4a168a5d5,android-mirror/src/main/aidl/android/content/pm/IPackageInstallerCallback.aidl,f88ca24c221e4f9e8d4550f28128fc649882038c2b8f1661a6ab89777ef7a97e,359,false,none-detected,BlackBox aggregate tree at pinned commit,root Apache-2.0 declaration exists; per-file origin not independently verified,reference only; manual history audit required
1,https://github.com/BlackBoxing/BlackBox,a0a330732c51dd9476c618ede31ec7d4a168a5d5,android-mirror/src/main/aidl/android/content/pm/IPackageInstallerSession.aidl,2f525886f61e0d9c98a8172db1166b52bf73f5a48fb5c19310341d057f2dc05b,594,false,none-detected,BlackBox aggregate tree at pinned commit,root Apache-2.0 declaration exists; per-file origin not independently verified,reference only; manual history audit required
1,https://github.com/BlackBoxing/BlackBox,a0a330732c51dd9476c618ede31ec7d4a168a5d5,android-mirror/src/main/aidl/android/database/IContentObserver.aidl,085ef8ea388dba5339d63d70304810cea43681a2fedb966ee49cd6eeaedce0a8,380,false,none-detected,BlackBox aggregate tree at pinned commit,root Apache-2.0 declaration exists; per-file origin not independently verified,reference only; manual history audit required
1,https://github.com/BlackBoxing/BlackBox,a0a330732c51dd9476c618ede31ec7d4a168a5d5,android-mirror/src/main/aidl/android/location/IGnssNmeaListener.aidl,52e518934da3f7b074318c4f0aa58001208f9e3e6757abc94930f8d39e5f511e,126,false,none-detected,BlackBox aggregate tree at pinned commit,root Apache-2.0 declaration exists; per-file origin not independently verified,reference only; manual history audit required
1,https://github.com/BlackBoxing/BlackBox,a0a330732c51dd9476c618ede31ec7d4a168a5d5,android-mirror/src/main/aidl/android/location/IGnssStatusListener.aidl,2e71be1fdf6dffe1f5329968726f5e69f771ea7acfc64bdcccb1bb3b9d331d70,391,false,none-detected,BlackBox aggregate tree at pinned commit,root Apache-2.0 declaration exists; per-file origin not independently verified,reference only; manual history audit required
1,https://github.com/BlackBoxing/BlackBox,a0a330732c51dd9476c618ede31ec7d4a168a5d5,android-mirror/src/main/aidl/android/location/IGpsStatusListener.aidl,7fcb3be9a609cddc14af7a962f81fb3fc11092f17fc8413981c418b1c1d774b3,449,false,none-detected,BlackBox aggregate tree at pinned commit,root Apache-2.0 declaration exists; per-file origin not independently verified,reference only; manual history audit required
1,https://github.com/BlackBoxing/BlackBox,a0a330732c51dd9476c618ede31ec7d4a168a5d5,android-mirror/src/main/aidl/android/location/ILocationListener.aidl,4b9843b211524716c094088f0743b790c4755cebd472d54618b8729a7a1a4abc,371,false,none-detected,BlackBox aggregate tree at pinned commit,root Apache-2.0 declaration exists; per-file origin not independently verified,reference only; manual history audit required
1,https://github.com/BlackBoxing/BlackBox,a0a330732c51dd9476c618ede31ec7d4a168a5d5,android-mirror/src/main/aidl/android/net/IConnectivityManager.aidl,74d6fcbf752c93c8653704d0639ee75ec04c3d6f1c20aa8fec7a58bf960ca521,548,false,none-detected,BlackBox aggregate tree at pinned commit,root Apache-2.0 declaration exists; per-file origin not independently verified,reference only; manual history audit required
1,https://github.com/BlackBoxing/BlackBox,a0a330732c51dd9476c618ede31ec7d4a168a5d5,android-mirror/src/main/aidl/android/net/wifi/IWifiScanner.aidl,31c70bdf9b9d0d7f5c49e279663ae4d5c72683f928a68f20d85ed924c620d5f0,195,false,none-detected,BlackBox aggregate tree at pinned commit,root Apache-2.0 declaration exists; per-file origin not independently verified,reference only; manual history audit required
1,https://github.com/BlackBoxing/BlackBox,a0a330732c51dd9476c618ede31ec7d4a168a5d5,android-mirror/src/main/aidl/android/os/IRemoteCallback.aidl,f80249bba918c04308af0f4e2876f50d8ae43c59d19cfb595dd640a480641f33,129,false,none-detected,BlackBox aggregate tree at pinned commit,root Apache-2.0 declaration exists; per-file origin not independently verified,reference only; manual history audit required
1,https://github.com/BlackBoxing/BlackBox,a0a330732c51dd9476c618ede31ec7d4a168a5d5,android-mirror/src/main/aidl/android/os/ISystemUpdateManager.aidl,7af3f8453027964610edffe7d422b9eb6be2fa2c80c1ddc8b0f58f8d103608a2,226,false,none-detected,BlackBox aggregate tree at pinned commit,root Apache-2.0 declaration exists; per-file origin not independently verified,reference only; manual history audit required
1,https://github.com/BlackBoxing/BlackBox,a0a330732c51dd9476c618ede31ec7d4a168a5d5,android-mirror/src/main/aidl/com/android/internal/widget/ILockSettings.aidl,a84d544e4c854cc17ef21d900ea4e34be7a558a23969e1c4952a779d26e03cef,161,false,none-detected,BlackBox aggregate tree at pinned commit,root Apache-2.0 declaration exists; per-file origin not independently verified,reference only; manual history audit required
1,https://github.com/BlackBoxing/BlackBox,a0a330732c51dd9476c618ede31ec7d4a168a5d5,android-mirror/src/main/java/black/android/accounts/IAccountManager.java,af4e27cf08dee7910151a429f4d77a5693d884c6d8d018990ffad3a422221891,473,false,none-detected,BlackBox aggregate tree at pinned commit,root Apache-2.0 declaration exists; per-file origin not independently verified,reference only; manual history audit required
1,https://github.com/BlackBoxing/BlackBox,a0a330732c51dd9476c618ede31ec7d4a168a5d5,android-mirror/src/main/java/black/android/app/Activity.java,ca7a2687cb6b5c8d96b07dfcfbce510611f1ae3bf1a5e70d8c0893d23aa64b04,762,false,none-detected,BlackBox aggregate tree at pinned commit,root Apache-2.0 declaration exists; per-file origin not independently verified,reference only; manual history audit required
1,https://github.com/BlackBoxing/BlackBox,a0a330732c51dd9476c618ede31ec7d4a168a5d5,android-mirror/src/main/java/black/android/app/ActivityClient.java,24a0e3e51811d79c6b35c7657e3348acae2333e503fd3693cd50efdfe5efb129,816,false,none-detected,BlackBox aggregate tree at pinned commit,root Apache-2.0 declaration exists; per-file origin not independently verified,reference only; manual history audit required
1,https://github.com/BlackBoxing/BlackBox,a0a330732c51dd9476c618ede31ec7d4a168a5d5,android-mirror/src/main/java/black/android/app/ActivityManager.java,80223b91530fd09157d352f0697ded0e050fc046c9fc2d7a5f1cac59b5c6f327,576,false,none-detected,BlackBox aggregate tree at pinned commit,root Apache-2.0 declaration exists; per-file origin not independently verified,reference only; manual history audit required
1,https://github.com/BlackBoxing/BlackBox,a0a330732c51dd9476c618ede31ec7d4a168a5d5,android-mirror/src/main/java/black/android/app/ActivityManagerNative.java,55c4a8cf5a960fcee1652b8229ffb07a9ce0d7b7ebc48ee9bdf51ecd04cbcba7,443,false,none-detected,BlackBox aggregate tree at pinned commit,root Apache-2.0 declaration exists; per-file origin not independently verified,reference only; manual history audit required
1,https://github.com/BlackBoxing/BlackBox,a0a330732c51dd9476c618ede31ec7d4a168a5d5,android-mirror/src/main/java/black/android/app/ActivityManagerOreo.java,56d534fd68bea2bcd9da46b2d3d9993b84559039e2ae2856e97c8b388fb96755,452,false,none-detected,BlackBox aggregate tree at pinned commit,root Apache-2.0 declaration exists; per-file origin not independently verified,reference only; manual history audit required
1,https://github.com/BlackBoxing/BlackBox,a0a330732c51dd9476c618ede31ec7d4a168a5d5,android-mirror/src/main/java/black/android/app/ActivityTaskManager.java,f7330cf59547f99e3a199efcad82fc272bc8442c5fa55bb587c6cc90dd2480ab,425,false,none-detected,BlackBox aggregate tree at pinned commit,root Apache-2.0 declaration exists; per-file origin not independently verified,reference only; manual history audit required
1,https://github.com/BlackBoxing/BlackBox,a0a330732c51dd9476c618ede31ec7d4a168a5d5,android-mirror/src/main/java/black/android/app/ActivityThread.java,bc0022e3d2846e71fc182a13dd6d33a96918f04e1296e53c6ef9fb6cff3b7aaf,4773,false,none-detected,BlackBox aggregate tree at pinned commit,root Apache-2.0 declaration exists; per-file origin not independently verified,reference only; manual history audit required
1,https://github.com/BlackBoxing/BlackBox,a0a330732c51dd9476c618ede31ec7d4a168a5d5,android-mirror/src/main/java/black/android/app/ActivityThreadNMR1.java,400e40818a96fb03a0967f1fc8bc6820f2e2a022f48731c72c0d4caec8fe70f4,383,false,none-detected,BlackBox aggregate tree at pinned commit,root Apache-2.0 declaration exists; per-file origin not independently verified,reference only; manual history audit required
1,https://github.com/BlackBoxing/BlackBox,a0a330732c51dd9476c618ede31ec7d4a168a5d5,android-mirror/src/main/java/black/android/app/ActivityThreadQ.java,36e6bb25b246daac8227691d6c67c052ca8bbada2f3d541982e6508e4080957b,360,false,none-detected,BlackBox aggregate tree at pinned commit,root Apache-2.0 declaration exists; per-file origin not independently verified,reference only; manual history audit required
1,https://github.com/BlackBoxing/BlackBox,a0a330732c51dd9476c618ede31ec7d4a168a5d5,android-mirror/src/main/java/black/android/app/AlarmManager.java,0479a02a05c3fc0a0bde0532ecb20de722b05b5ce020b6ff92bae4bbbf9d2b93,346,false,none-detected,BlackBox aggregate tree at pinned commit,root Apache-2.0 declaration exists; per-file origin not independently verified,reference only; manual history audit required
1,https://github.com/BlackBoxing/BlackBox,a0a330732c51dd9476c618ede31ec7d4a168a5d5,android-mirror/src/main/java/black/android/app/AppOpsManager.java,14a228e493231470d1c14a2aeeb7fec015378cc10f6b435d2dd181cc731dc1ee,303,false,none-detected,BlackBox aggregate tree at pinned commit,root Apache-2.0 declaration exists; per-file origin not independently verified,reference only; manual history audit required
1,https://github.com/BlackBoxing/BlackBox,a0a330732c51dd9476c618ede31ec7d4a168a5d5,android-mirror/src/main/java/black/android/app/ApplicationThreadNative.java,3c0af6088381c60b1e952604da09ed16a90b3416151846f20d0681700844d696,384,false,none-detected,BlackBox aggregate tree at pinned commit,root Apache-2.0 declaration exists; per-file origin not independently verified,reference only; manual history audit required
1,https://github.com/BlackBoxing/BlackBox,a0a330732c51dd9476c618ede31ec7d4a168a5d5,android-mirror/src/main/java/black/android/app/ClientTransactionHandler.java,4000cfd49630d81ac2c5416c9888b3373f98b3628c615a305ae9d69861a5bc81,345,false,none-detected,BlackBox aggregate tree at pinned commit,root Apache-2.0 declaration exists; per-file origin not independently verified,reference only; manual history audit required
1,https://github.com/BlackBoxing/BlackBox,a0a330732c51dd9476c618ede31ec7d4a168a5d5,android-mirror/src/main/java/black/android/app/ContextImpl.java,f7009c0a6059914ae07904147c3e9c8c8cb0c2dea3eed0027fe05720fa98023c,892,false,none-detected,BlackBox aggregate tree at pinned commit,root Apache-2.0 declaration exists; per-file origin not independently verified,reference only; manual history audit required
1,https://github.com/BlackBoxing/BlackBox,a0a330732c51dd9476c618ede31ec7d4a168a5d5,android-mirror/src/main/java/black/android/app/ContextImplICS.java,f0ccfa0b28a5a742964cadfa82f7eaff9667e69ea7541a00625dba85899e0a85,342,false,none-detected,BlackBox aggregate tree at pinned commit,root Apache-2.0 declaration exists; per-file origin not independently verified,reference only; manual history audit required
1,https://github.com/BlackBoxing/BlackBox,a0a330732c51dd9476c618ede31ec7d4a168a5d5,android-mirror/src/main/java/black/android/app/ContextImplKitkat.java,8528489485e095fdb8cb5a0bdd1e3709669169fde0f88a0f280cc83fb0eb0aa8,446,false,none-detected,BlackBox aggregate tree at pinned commit,root Apache-2.0 declaration exists; per-file origin not independently verified,reference only; manual history audit required
1,https://github.com/BlackBoxing/BlackBox,a0a330732c51dd9476c618ede31ec7d4a168a5d5,android-mirror/src/main/java/black/android/app/IActivityManager.java,30467c2b7b2879c668ea0ac64272b50de90f1880c1db9fda037e04478d951cbb,1816,false,none-detected,BlackBox aggregate tree at pinned commit,root Apache-2.0 declaration exists; per-file origin not independently verified,reference only; manual history audit required
1,https://github.com/BlackBoxing/BlackBox,a0a330732c51dd9476c618ede31ec7d4a168a5d5,android-mirror/src/main/java/black/android/app/IActivityManagerL.java,cdcc0da790d762bcc00094e7aa5db779d4534e6a473fe7fb52dc1e49e6fafa72,404,false,none-detected,BlackBox aggregate tree at pinned commit,root Apache-2.0 declaration exists; per-file origin not independently verified,reference only; manual history audit required
1,https://github.com/BlackBoxing/BlackBox,a0a330732c51dd9476c618ede31ec7d4a168a5d5,android-mirror/src/main/java/black/android/app/IActivityManagerN.java,ebe82471d042e9fa40a426ada4c9e86554ede6fbec6b66a57ceecc3351870d72,396,false,none-detected,BlackBox aggregate tree at pinned commit,root Apache-2.0 declaration exists; per-file origin not independently verified,reference only; manual history audit required
1,https://github.com/BlackBoxing/BlackBox,a0a330732c51dd9476c618ede31ec7d4a168a5d5,android-mirror/src/main/java/black/android/app/IActivityTaskManager.java,cdfcfb4790c45c9313dc802890b5d79ac3dade415e8df147078274a75859b5c6,473,false,none-detected,BlackBox aggregate tree at pinned commit,root Apache-2.0 declaration exists; per-file origin not independently verified,reference only; manual history audit required
1,https://github.com/BlackBoxing/BlackBox,a0a330732c51dd9476c618ede31ec7d4a168a5d5,android-mirror/src/main/java/black/android/app/IAlarmManager.java,cffc1ee81f442287e624e3154540991d2a7f8fa7aec128d645f3c63098501dcc,452,false,none-detected,BlackBox aggregate tree at pinned commit,root Apache-2.0 declaration exists; per-file origin not independently verified,reference only; manual history audit required
1,https://github.com/BlackBoxing/BlackBox,a0a330732c51dd9476c618ede31ec7d4a168a5d5,android-mirror/src/main/java/black/android/app/IApplicationThread.java,22b62144cdefec972009d1eee47386173902c7257176bf6b2fc29a4d9985562f,882,false,none-detected,BlackBox aggregate tree at pinned commit,root Apache-2.0 declaration exists; per-file origin not independently verified,reference only; manual history audit required
1,https://github.com/BlackBoxing/BlackBox,a0a330732c51dd9476c618ede31ec7d4a168a5d5,android-mirror/src/main/java/black/android/app/IApplicationThreadOreo.java,d8f10016898d41beb39481ce4cb7d7cb2a519a24c229db981ac44b553a2a9dac,578,false,none-detected,BlackBox aggregate tree at pinned commit,root Apache-2.0 declaration exists; per-file origin not independently verified,reference only; manual history audit required
1,https://github.com/BlackBoxing/BlackBox,a0a330732c51dd9476c618ede31ec7d4a168a5d5,android-mirror/src/main/java/black/android/app/ISearchManager.java,9cc744bb721ab3759279e50e967d14ae0edc46a9fe275fdceeaaa04f059b3953,455,false,none-detected,BlackBox aggregate tree at pinned commit,root Apache-2.0 declaration exists; per-file origin not independently verified,reference only; manual history audit required
1,https://github.com/BlackBoxing/BlackBox,a0a330732c51dd9476c618ede31ec7d4a168a5d5,android-mirror/src/main/java/black/android/app/IServiceConnectionO.java,696c96c0a62bd8c403e0e2616ff5d76586195fc097d66c4e08ceebf398ef6f77,411,false,none-detected,BlackBox aggregate tree at pinned commit,root Apache-2.0 declaration exists; per-file origin not independently verified,reference only; manual history audit required
1,https://github.com/BlackBoxing/BlackBox,a0a330732c51dd9476c618ede31ec7d4a168a5d5,android-mirror/src/main/java/black/android/app/IUsageStatsManager.java,155c85f07b1718529c0cfd00e7c2aa44b489539a338f19b8587d6bd8a3443da9,479,false,none-detected,BlackBox aggregate tree at pinned commit,root Apache-2.0 declaration exists; per-file origin not independently verified,reference only; manual history audit required
1,https://github.com/BlackBoxing/BlackBox,a0a330732c51dd9476c618ede31ec7d4a168a5d5,android-mirror/src/main/java/black/android/app/IWallpaperManager.java,40889b8b331f8e98e4dc3648d3213b6c75f9902b72560bf4b074a2aefe879766,464,false,none-detected,BlackBox aggregate tree at pinned commit,root Apache-2.0 declaration exists; per-file origin not independently verified,reference only; manual history audit required
1,https://github.com/BlackBoxing/BlackBox,a0a330732c51dd9476c618ede31ec7d4a168a5d5,android-mirror/src/main/java/black/android/app/Instrumentation.java,1638423f4c671f3dba230b412c0a1f90126c216bfba98f9ccdabc8c27026be7a,577,false,none-detected,BlackBox aggregate tree at pinned commit,root Apache-2.0 declaration exists; per-file origin not independently verified,reference only; manual history audit required
1,https://github.com/BlackBoxing/BlackBox,a0a330732c51dd9476c618ede31ec7d4a168a5d5,android-mirror/src/main/java/black/android/app/LoadedApk.java,6c3e9b39948ee17d0e0a75a6d4b89f7d0c591d9468b626cbd0c871f315e261ab,2498,false,none-detected,BlackBox aggregate tree at pinned commit,root Apache-2.0 declaration exists; per-file origin not independently verified,reference only; manual history audit required
1,https://github.com/BlackBoxing/BlackBox,a0a330732c51dd9476c618ede31ec7d4a168a5d5,android-mirror/src/main/java/black/android/app/LoadedApkHuaWei.java,59e8c22219b38677356937a3891defa164cc66eee37b9116584dfd2ef596d70a,275,false,none-detected,BlackBox aggregate tree at pinned commit,root Apache-2.0 declaration exists; per-file origin not independently verified,reference only; manual history audit required
1,https://github.com/BlackBoxing/BlackBox,a0a330732c51dd9476c618ede31ec7d4a168a5d5,android-mirror/src/main/java/black/android/app/LoadedApkICS.java,dcd7ebc68968012d880dff81b8ff596b094048c9b720bf1dfa5800285cbd705f,273,false,none-detected,BlackBox aggregate tree at pinned commit,root Apache-2.0 declaration exists; per-file origin not independently verified,reference only; manual history audit required
1,https://github.com/BlackBoxing/BlackBox,a0a330732c51dd9476c618ede31ec7d4a168a5d5,android-mirror/src/main/java/black/android/app/LoadedApkKitkat.java,45f2bd16779e3091db6a37a0ca2a2f1d4c15dedc08afe2119866c92392c068ea,277,false,none-detected,BlackBox aggregate tree at pinned commit,root Apache-2.0 declaration exists; per-file origin not independently verified,reference only; manual history audit required
1,https://github.com/BlackBoxing/BlackBox,a0a330732c51dd9476c618ede31ec7d4a168a5d5,android-mirror/src/main/java/black/android/app/Notification.java,74998ee17e0eab73fdbe7f29e3db9b6d0830dfda7fe61cd3343e540758840d74,446,false,none-detected,BlackBox aggregate tree at pinned commit,root Apache-2.0 declaration exists; per-file origin not independently verified,reference only; manual history audit required
1,https://github.com/BlackBoxing/BlackBox,a0a330732c51dd9476c618ede31ec7d4a168a5d5,android-mirror/src/main/java/black/android/app/NotificationChannel.java,e29f884df7802734cdbb930b2748478521b19520d01cdf666105d919f70fa8a0,275,false,none-detected,BlackBox aggregate tree at pinned commit,root Apache-2.0 declaration exists; per-file origin not independently verified,reference only; manual history audit required
1,https://github.com/BlackBoxing/BlackBox,a0a330732c51dd9476c618ede31ec7d4a168a5d5,android-mirror/src/main/java/black/android/app/NotificationChannelGroup.java,a5d435e6a9c9127abd885f4295dcc21b5413d1777825fb39c623980037b49ebf,380,false,none-detected,BlackBox aggregate tree at pinned commit,root Apache-2.0 declaration exists; per-file origin not independently verified,reference only; manual history audit required
1,https://github.com/BlackBoxing/BlackBox,a0a330732c51dd9476c618ede31ec7d4a168a5d5,android-mirror/src/main/java/black/android/app/NotificationL.java,4031d62f3a6acc6af0db2a932cacd3122b43e3fbc0ebb8a4f1f5805498e25dc7,490,false,none-detected,BlackBox aggregate tree at pinned commit,root Apache-2.0 declaration exists; per-file origin not independently verified,reference only; manual history audit required
1,https://github.com/BlackBoxing/BlackBox,a0a330732c51dd9476c618ede31ec7d4a168a5d5,android-mirror/src/main/java/black/android/app/NotificationM.java,8f77d0ed0bb959b3fdb9448ba8e6fde32886a3312bb404c0e32b8a085363790a,346,false,none-detected,BlackBox aggregate tree at pinned commit,root Apache-2.0 declaration exists; per-file origin not independently verified,reference only; manual history audit required
1,https://github.com/BlackBoxing/BlackBox,a0a330732c51dd9476c618ede31ec7d4a168a5d5,android-mirror/src/main/java/black/android/app/NotificationManager.java,2e60f3f2a59c47de2def886ba40a02da5c5a7e7bbd73ae45768ff37828a57161,443,false,none-detected,BlackBox aggregate tree at pinned commit,root Apache-2.0 declaration exists; per-file origin not independently verified,reference only; manual history audit required
1,https://github.com/BlackBoxing/BlackBox,a0a330732c51dd9476c618ede31ec7d4a168a5d5,android-mirror/src/main/java/black/android/app/NotificationO.java,80adf3a74aad305ff8e7034e9fa9d1da0657a357db2a1a694136faf0a1ea8f26,309,false,none-detected,BlackBox aggregate tree at pinned commit,root Apache-2.0 declaration exists; per-file origin not independently verified,reference only; manual history audit required
1,https://github.com/BlackBoxing/BlackBox,a0a330732c51dd9476c618ede31ec7d4a168a5d5,android-mirror/src/main/java/black/android/app/PendingIntentJBMR2.java,1e9fe65a712798a38d31b4446192adfecfa5c4fd7c7c5121678960bb618fbbb8,468,false,none-detected,BlackBox aggregate tree at pinned commit,root Apache-2.0 declaration exists; per-file origin not independently verified,reference only; manual history audit required
1,https://github.com/BlackBoxing/BlackBox,a0a330732c51dd9476c618ede31ec7d4a168a5d5,android-mirror/src/main/java/black/android/app/PendingIntentO.java,ce4e140bcca7382ab6530b10fea6e87577e7f2d0849dff65f421bf29caac82d1,345,false,none-detected,BlackBox aggregate tree at pinned commit,root Apache-2.0 declaration exists; per-file origin not independently verified,reference only; manual history audit required
1,https://github.com/BlackBoxing/BlackBox,a0a330732c51dd9476c618ede31ec7d4a168a5d5,android-mirror/src/main/java/black/android/app/Service.java,3a4f452b960687fb8ad7feecd781755f4b9a9ffbb1f48c867294380392ea290a,629,false,none-detected,BlackBox aggregate tree at pinned commit,root Apache-2.0 declaration exists; per-file origin not independently verified,reference only; manual history audit required
1,https://github.com/BlackBoxing/BlackBox,a0a330732c51dd9476c618ede31ec7d4a168a5d5,android-mirror/src/main/java/black/android/app/ServiceStartArgs.java,2d42d8a955305abb047830e7cc19fbf6ae70096791f86db40621d1f7c09faae4,579,false,none-detected,BlackBox aggregate tree at pinned commit,root Apache-2.0 declaration exists; per-file origin not independently verified,reference only; manual history audit required
1,https://github.com/BlackBoxing/BlackBox,a0a330732c51dd9476c618ede31ec7d4a168a5d5,android-mirror/src/main/java/black/android/app/SharedPreferencesImpl.java,1744d7f89af0113ec55d8330b87f1d5f788f2f28592315022c248c0a706313cc,349,false,none-detected,BlackBox aggregate tree at pinned commit,root Apache-2.0 declaration exists; per-file origin not independently verified,reference only; manual history audit required
1,https://github.com/BlackBoxing/BlackBox,a0a330732c51dd9476c618ede31ec7d4a168a5d5,android-mirror/src/main/java/black/android/app/WallpaperManager.java,29eb3f6ed0e3953a1908feaffaf5af780f7a33b8e1db7ced2098971dcb9263bc,479,false,none-detected,BlackBox aggregate tree at pinned commit,root Apache-2.0 declaration exists; per-file origin not independently verified,reference only; manual history audit required
1,https://github.com/BlackBoxing/BlackBox,a0a330732c51dd9476c618ede31ec7d4a168a5d5,android-mirror/src/main/java/black/android/app/admin/IDevicePolicyManager.java,dc43e91787d8d48a72dcc3a688630f4ea86f8f8eeceed3ab540015919c365a9d,491,false,none-detected,BlackBox aggregate tree at pinned commit,root Apache-2.0 declaration exists; per-file origin not independently verified,reference only; manual history audit required
1,https://github.com/BlackBoxing/BlackBox,a0a330732c51dd9476c618ede31ec7d4a168a5d5,android-mirror/src/main/java/black/android/app/backup/IBackupManager.java,8da7aba15254015af78e8c577efd5c87629e389107e310a2c7872d5c709873b6,476,false,none-detected,BlackBox aggregate tree at pinned commit,root Apache-2.0 declaration exists; per-file origin not independently verified,reference only; manual history audit required
1,https://github.com/BlackBoxing/BlackBox,a0a330732c51dd9476c618ede31ec7d4a168a5d5,android-mirror/src/main/java/black/android/app/job/IJobScheduler.java,84bf7cddf603c7064272b6f88c0134b057542cc7b248f15b3dad3e4134e1ef70,464,false,none-detected,BlackBox aggregate tree at pinned commit,root Apache-2.0 declaration exists; per-file origin not independently verified,reference only; manual history audit required
1,https://github.com/BlackBoxing/BlackBox,a0a330732c51dd9476c618ede31ec7d4a168a5d5,android-mirror/src/main/java/black/android/app/job/JobInfo.java,8953f71cb4b027bd60f27cb8914b9d0460632b0057a7c97411c4ebb374a7e21f,424,false,none-detected,BlackBox aggregate tree at pinned commit,root Apache-2.0 declaration exists; per-file origin not independently verified,reference only; manual history audit required
1,https://github.com/BlackBoxing/BlackBox,a0a330732c51dd9476c618ede31ec7d4a168a5d5,android-mirror/src/main/java/black/android/app/job/JobParameters.java,a9089047804961057b6b01e47e750e62a3530e29fc843515122dd6f72e844b47,424,false,none-detected,BlackBox aggregate tree at pinned commit,root Apache-2.0 declaration exists; per-file origin not independently verified,reference only; manual history audit required
1,https://github.com/BlackBoxing/BlackBox,a0a330732c51dd9476c618ede31ec7d4a168a5d5,android-mirror/src/main/java/black/android/app/job/JobWorkItem.java,8c3fa169e56dc5ae71dabf4e26c639dbfbe6e77f81e4391e1bb0f2b35e05eebf,602,false,none-detected,BlackBox aggregate tree at pinned commit,root Apache-2.0 declaration exists; per-file origin not independently verified,reference only; manual history audit required
1,https://github.com/BlackBoxing/BlackBox,a0a330732c51dd9476c618ede31ec7d4a168a5d5,android-mirror/src/main/java/black/android/app/role/IRoleManager.java,ba3d63a674634fd1b7ea8df9676fa65b4cba173580427e0c0cfaf3fbeb66e3e2,464,false,none-detected,BlackBox aggregate tree at pinned commit,root Apache-2.0 declaration exists; per-file origin not independently verified,reference only; manual history audit required
1,https://github.com/BlackBoxing/BlackBox,a0a330732c51dd9476c618ede31ec7d4a168a5d5,android-mirror/src/main/java/black/android/app/servertransaction/ActivityLifecycleItem.java,bd9b5e468c55d7a7151674c3e9571f5513d51d4f786d1bfe23270c88dae831b6,329,false,none-detected,BlackBox aggregate tree at pinned commit,root Apache-2.0 declaration exists; per-file origin not independently verified,reference only; manual history audit required
1,https://github.com/BlackBoxing/BlackBox,a0a330732c51dd9476c618ede31ec7d4a168a5d5,android-mirror/src/main/java/black/android/app/servertransaction/ActivityResultItem.java,4e03147caca660a7375846cb18a296a9353591a1795aff2128b2b5d3db4f0e0b,343,false,none-detected,BlackBox aggregate tree at pinned commit,root Apache-2.0 declaration exists; per-file origin not independently verified,reference only; manual history audit required
1,https://github.com/BlackBoxing/BlackBox,a0a330732c51dd9476c618ede31ec7d4a168a5d5,android-mirror/src/main/java/black/android/app/servertransaction/ClientTransaction.java,c225163ed71a936ac6ddb2a2b89902fa89ddc52fb79fe093ac13a445ebd582a1,481,false,none-detected,BlackBox aggregate tree at pinned commit,root Apache-2.0 declaration exists; per-file origin not independently verified,reference only; manual history audit required
1,https://github.com/BlackBoxing/BlackBox,a0a330732c51dd9476c618ede31ec7d4a168a5d5,android-mirror/src/main/java/black/android/app/servertransaction/LaunchActivityItem.java,7962621b2ce1eeb8afbd41a4075bf023241f40dc166d0f79d7aabf1b72624d26,428,false,none-detected,BlackBox aggregate tree at pinned commit,root Apache-2.0 declaration exists; per-file origin not independently verified,reference only; manual history audit required
1,https://github.com/BlackBoxing/BlackBox,a0a330732c51dd9476c618ede31ec7d4a168a5d5,android-mirror/src/main/java/black/android/app/servertransaction/TopResumedActivityChangeItem.java,5020d96e01bf30e768a16dbe0a3dc0f4b109d5c8fd0c56fabebb517ff72fc14c,333,false,none-detected,BlackBox aggregate tree at pinned commit,root Apache-2.0 declaration exists; per-file origin not independently verified,reference only; manual history audit required
1,https://github.com/BlackBoxing/BlackBox,a0a330732c51dd9476c618ede31ec7d4a168a5d5,android-mirror/src/main/java/black/android/app/usage/IStorageStatsManager.java,cc328295d26d8624ccf82d0451fdf460e78574499a8f51226497ec5c160d56b1,491,false,none-detected,BlackBox aggregate tree at pinned commit,root Apache-2.0 declaration exists; per-file origin not independently verified,reference only; manual history audit required
1,https://github.com/BlackBoxing/BlackBox,a0a330732c51dd9476c618ede31ec7d4a168a5d5,android-mirror/src/main/java/black/android/app/usage/StorageStats.java,3ef5fc96fcb834e36da77521fdede396d5423b3cc5a8ccf7d9d5cad17d9998c4,464,false,none-detected,BlackBox aggregate tree at pinned commit,root Apache-2.0 declaration exists; per-file origin not independently verified,reference only; manual history audit required
1,https://github.com/BlackBoxing/BlackBox,a0a330732c51dd9476c618ede31ec7d4a168a5d5,android-mirror/src/main/java/black/android/bluetooth/IBluetooth.java,ad47fddca27051be34b5105637b63aea34f6aea7edda982a067ca0b342750053,461,false,none-detected,BlackBox aggregate tree at pinned commit,root Apache-2.0 declaration exists; per-file origin not independently verified,reference only; manual history audit required
1,https://github.com/BlackBoxing/BlackBox,a0a330732c51dd9476c618ede31ec7d4a168a5d5,android-mirror/src/main/java/black/android/bluetooth/IBluetoothManager.java,1d27bbf373d12dba1d22d8a625f6cc89d10a9dcbed8a9a906972ea46d732c257,482,false,none-detected,BlackBox aggregate tree at pinned commit,root Apache-2.0 declaration exists; per-file origin not independently verified,reference only; manual history audit required
1,https://github.com/BlackBoxing/BlackBox,a0a330732c51dd9476c618ede31ec7d4a168a5d5,android-mirror/src/main/java/black/android/content/AttributionSource.java,a9d23eef9161d22b37dcdbb280efbb321432c12928ea58999e7ef7176a2d3600,442,false,none-detected,BlackBox aggregate tree at pinned commit,root Apache-2.0 declaration exists; per-file origin not independently verified,reference only; manual history audit required
1,https://github.com/BlackBoxing/BlackBox,a0a330732c51dd9476c618ede31ec7d4a168a5d5,android-mirror/src/main/java/black/android/content/AttributionSourceState.java,bf876f5f2b3d3ed277c016ec7e2d560bfe02629cfb85adf08b699913331c3428,374,false,none-detected,BlackBox aggregate tree at pinned commit,root Apache-2.0 declaration exists; per-file origin not independently verified,reference only; manual history audit required
1,https://github.com/BlackBoxing/BlackBox,a0a330732c51dd9476c618ede31ec7d4a168a5d5,android-mirror/src/main/java/black/android/content/BroadcastReceiver.java,d1cdcf469c393d564b462e8d1f9ad57b3672947692a7a61497846cabcb1470cf,2493,false,none-detected,BlackBox aggregate tree at pinned commit,root Apache-2.0 declaration exists; per-file origin not independently verified,reference only; manual history audit required
1,https://github.com/BlackBoxing/BlackBox,a0a330732c51dd9476c618ede31ec7d4a168a5d5,android-mirror/src/main/java/black/android/content/ClipboardManager.java,c51d9358bf5f7de20f48d4c39f6a6445f24e12f3e5f2241c9fc18a25a60eac51,445,false,none-detected,BlackBox aggregate tree at pinned commit,root Apache-2.0 declaration exists; per-file origin not independently verified,reference only; manual history audit required
1,https://github.com/BlackBoxing/BlackBox,a0a330732c51dd9476c618ede31ec7d4a168a5d5,android-mirror/src/main/java/black/android/content/ClipboardManagerOreo.java,0867792a316ec99fac1676938cd816acc28b42dbae8d47197c3193207a4485b7,433,false,none-detected,BlackBox aggregate tree at pinned commit,root Apache-2.0 declaration exists; per-file origin not independently verified,reference only; manual history audit required
1,https://github.com/BlackBoxing/BlackBox,a0a330732c51dd9476c618ede31ec7d4a168a5d5,android-mirror/src/main/java/black/android/content/ContentProviderClient.java,618fed274010352f3903fbbebdee59658a51754d9d3551ca54ec4e15b55d5c44,335,false,none-detected,BlackBox aggregate tree at pinned commit,root Apache-2.0 declaration exists; per-file origin not independently verified,reference only; manual history audit required
1,https://github.com/BlackBoxing/BlackBox,a0a330732c51dd9476c618ede31ec7d4a168a5d5,android-mirror/src/main/java/black/android/content/ContentProviderClientQ.java,1da538d0cc596b1cf9f9c96acdbf36152de6e1849dde8a4c3b31997f60c32763,317,false,none-detected,BlackBox aggregate tree at pinned commit,root Apache-2.0 declaration exists; per-file origin not independently verified,reference only; manual history audit required
1,https://github.com/BlackBoxing/BlackBox,a0a330732c51dd9476c618ede31ec7d4a168a5d5,android-mirror/src/main/java/black/android/content/ContentProviderHolderOreo.java,624a7f56969328bcde34e1ccb08727d58199de67ac28ae39dc1da5860c50a904,456,false,none-detected,BlackBox aggregate tree at pinned commit,root Apache-2.0 declaration exists; per-file origin not independently verified,reference only; manual history audit required
1,https://github.com/BlackBoxing/BlackBox,a0a330732c51dd9476c618ede31ec7d4a168a5d5,android-mirror/src/main/java/black/android/content/ContentProviderNative.java,5376d6b6fa70717a60eee1d5bf976d9b31bfe86f9a82e67f43cc276584072730,388,false,none-detected,BlackBox aggregate tree at pinned commit,root Apache-2.0 declaration exists; per-file origin not independently verified,reference only; manual history audit required
1,https://github.com/BlackBoxing/BlackBox,a0a330732c51dd9476c618ede31ec7d4a168a5d5,android-mirror/src/main/java/black/android/content/ContentResolver.java,7bae418a064ca848ffd4dc323263348202a6dfde0bd929ae66ae7dc7b356ae36,434,false,none-detected,BlackBox aggregate tree at pinned commit,root Apache-2.0 declaration exists; per-file origin not independently verified,reference only; manual history audit required
1,https://github.com/BlackBoxing/BlackBox,a0a330732c51dd9476c618ede31ec7d4a168a5d5,android-mirror/src/main/java/black/android/content/IClipboard.java,04fe58363cabe79ffe986d0fc3ac5d5103d1859f08ac9dc3cfe103c060d0b580,176,false,none-detected,BlackBox aggregate tree at pinned commit,root Apache-2.0 declaration exists; per-file origin not independently verified,reference only; manual history audit required
1,https://github.com/BlackBoxing/BlackBox,a0a330732c51dd9476c618ede31ec7d4a168a5d5,android-mirror/src/main/java/black/android/content/IContentProvider.java,5340cbce8154bb66188b91f67949cae4c589b9263160f8de491ec5e64c0a2004,188,false,none-detected,BlackBox aggregate tree at pinned commit,root Apache-2.0 declaration exists; per-file origin not independently verified,reference only; manual history audit required
1,https://github.com/BlackBoxing/BlackBox,a0a330732c51dd9476c618ede31ec7d4a168a5d5,android-mirror/src/main/java/black/android/content/IContentService.java,272feac1763888e130c408770f1588cde35aa6f4b96f152f53bb77b2c0f7c243,470,false,none-detected,BlackBox aggregate tree at pinned commit,root Apache-2.0 declaration exists; per-file origin not independently verified,reference only; manual history audit required
1,https://github.com/BlackBoxing/BlackBox,a0a330732c51dd9476c618ede31ec7d4a168a5d5,android-mirror/src/main/java/black/android/content/IIntentReceiver.java,efbd4836eb863fc8f92b6439d9b274207f40fe3a364160c23926483c31805844,452,false,none-detected,BlackBox aggregate tree at pinned commit,root Apache-2.0 declaration exists; per-file origin not independently verified,reference only; manual history audit required
1,https://github.com/BlackBoxing/BlackBox,a0a330732c51dd9476c618ede31ec7d4a168a5d5,android-mirror/src/main/java/black/android/content/IRestrictionsManager.java,4576572ad280dc80d05ba8e9d67a046b8e46e8fc6957c3e35b9c8c0a586dd9e4,485,false,none-detected,BlackBox aggregate tree at pinned commit,root Apache-2.0 declaration exists; per-file origin not independently verified,reference only; manual history audit required
1,https://github.com/BlackBoxing/BlackBox,a0a330732c51dd9476c618ede31ec7d4a168a5d5,android-mirror/src/main/java/black/android/content/IntentFilter.java,02fd1ffa43533e4d0873210b976e4a0f2a0c0d0c6d7738a823a4f86956ec544e,352,false,none-detected,BlackBox aggregate tree at pinned commit,root Apache-2.0 declaration exists; per-file origin not independently verified,reference only; manual history audit required
1,https://github.com/BlackBoxing/BlackBox,a0a330732c51dd9476c618ede31ec7d4a168a5d5,android-mirror/src/main/java/black/android/content/IntentSender.java,64a2d653075637d6a74304413e74f7def86d43b2617bf6c38e4da16865c0af3d,308,false,none-detected,BlackBox aggregate tree at pinned commit,root Apache-2.0 declaration exists; per-file origin not independently verified,reference only; manual history audit required
1,https://github.com/BlackBoxing/BlackBox,a0a330732c51dd9476c618ede31ec7d4a168a5d5,android-mirror/src/main/java/black/android/content/PeriodicSync.java,2a794b673011d92820c3f7ea92cad7e80182101f2775aed0cf8f4d72aaf8c26d,272,false,none-detected,BlackBox aggregate tree at pinned commit,root Apache-2.0 declaration exists; per-file origin not independently verified,reference only; manual history audit required
1,https://github.com/BlackBoxing/BlackBox,a0a330732c51dd9476c618ede31ec7d4a168a5d5,android-mirror/src/main/java/black/android/content/SyncAdapterType.java,6d947c24f97990ac9cabdc963d6c7397ebc28bb0383945f4ee5e71d21e527400,415,false,none-detected,BlackBox aggregate tree at pinned commit,root Apache-2.0 declaration exists; per-file origin not independently verified,reference only; manual history audit required
1,https://github.com/BlackBoxing/BlackBox,a0a330732c51dd9476c618ede31ec7d4a168a5d5,android-mirror/src/main/java/black/android/content/SyncAdapterTypeN.java,d0441550cbca4de7a08e7feb7114c8cea83876196e463bc9e50438a6e7ee3cc2,433,false,none-detected,BlackBox aggregate tree at pinned commit,root Apache-2.0 declaration exists; per-file origin not independently verified,reference only; manual history audit required
1,https://github.com/BlackBoxing/BlackBox,a0a330732c51dd9476c618ede31ec7d4a168a5d5,android-mirror/src/main/java/black/android/content/SyncInfo.java,a3f216444fd89a7b55070b0c16bb24a1a18516a976370b3dfeae7732e1ec5553,364,false,none-detected,BlackBox aggregate tree at pinned commit,root Apache-2.0 declaration exists; per-file origin not independently verified,reference only; manual history audit required
1,https://github.com/BlackBoxing/BlackBox,a0a330732c51dd9476c618ede31ec7d4a168a5d5,android-mirror/src/main/java/black/android/content/SyncRequest.java,4212530e1b2ffdc80ed8a7aac4e686af87889068fa8a0a5026fe7e0316248b76,553,false,none-detected,BlackBox aggregate tree at pinned commit,root Apache-2.0 declaration exists; per-file origin not independently verified,reference only; manual history audit required
1,https://github.com/BlackBoxing/BlackBox,a0a330732c51dd9476c618ede31ec7d4a168a5d5,android-mirror/src/main/java/black/android/content/pm/ApplicationInfoL.java,59e2edbc204261ad4f06164c9c68b13cae83417118d613631cd0ebd9d8dde010,634,false,none-detected,BlackBox aggregate tree at pinned commit,root Apache-2.0 declaration exists; per-file origin not independently verified,reference only; manual history audit required
1,https://github.com/BlackBoxing/BlackBox,a0a330732c51dd9476c618ede31ec7d4a168a5d5,android-mirror/src/main/java/black/android/content/pm/ApplicationInfoN.java,08ee3181c8aacc222cd0d2a791ac85bdb6919412704725d04e77e0c8fb3ca672,468,false,none-detected,BlackBox aggregate tree at pinned commit,root Apache-2.0 declaration exists; per-file origin not independently verified,reference only; manual history audit required
1,https://github.com/BlackBoxing/BlackBox,a0a330732c51dd9476c618ede31ec7d4a168a5d5,android-mirror/src/main/java/black/android/content/pm/ApplicationInfoP.java,3894d5403aaf9f54e1bb9d178887f3bfdeb5d0d9b29b6919f265ded615c91406,427,false,none-detected,BlackBox aggregate tree at pinned commit,root Apache-2.0 declaration exists; per-file origin not independently verified,reference only; manual history audit required
1,https://github.com/BlackBoxing/BlackBox,a0a330732c51dd9476c618ede31ec7d4a168a5d5,android-mirror/src/main/java/black/android/content/pm/ILauncherApps.java,025109d134a8a65bae80124e5f8a83ad02d712a66a139e3088784e14be2b1318,478,false,none-detected,BlackBox aggregate tree at pinned commit,root Apache-2.0 declaration exists; per-file origin not independently verified,reference only; manual history audit required
1,https://github.com/BlackBoxing/BlackBox,a0a330732c51dd9476c618ede31ec7d4a168a5d5,android-mirror/src/main/java/black/android/content/pm/IShortcutService.java,e5641153c47eac73ce266e8c66a5494ae5f0024a6708aa698fa9d2fa68584da1,482,false,none-detected,BlackBox aggregate tree at pinned commit,root Apache-2.0 declaration exists; per-file origin not independently verified,reference only; manual history audit required
1,https://github.com/BlackBoxing/BlackBox,a0a330732c51dd9476c618ede31ec7d4a168a5d5,android-mirror/src/main/java/black/android/content/pm/LauncherApps.java,ca53c737ead63e9f28fcc621fc6369015a773b88499dc807407707fe1ec3c2b7,480,false,none-detected,BlackBox aggregate tree at pinned commit,root Apache-2.0 declaration exists; per-file origin not independently verified,reference only; manual history audit required
1,https://github.com/BlackBoxing/BlackBox,a0a330732c51dd9476c618ede31ec7d4a168a5d5,android-mirror/src/main/java/black/android/content/pm/PackageInstaller.java,6850f6af10c844c4a7818993705c537b7998ef0859d6735f10c0f987042ea080,2492,false,none-detected,BlackBox aggregate tree at pinned commit,root Apache-2.0 declaration exists; per-file origin not independently verified,reference only; manual history audit required
1,https://github.com/BlackBoxing/BlackBox,a0a330732c51dd9476c618ede31ec7d4a168a5d5,android-mirror/src/main/java/black/android/content/pm/PackageParser.java,9f447858f9d664f9a96862db3530f9fdcbfff8f42ef84eb923f3c2dee85c021c,3637,false,none-detected,BlackBox aggregate tree at pinned commit,root Apache-2.0 declaration exists; per-file origin not independently verified,reference only; manual history audit required
1,https://github.com/BlackBoxing/BlackBox,a0a330732c51dd9476c618ede31ec7d4a168a5d5,android-mirror/src/main/java/black/android/content/pm/PackageParserLollipop.java,93faac192c658f85495edee1b955ef6f17b29a0ed00370fa4b2a1d02977bfa95,1262,false,none-detected,BlackBox aggregate tree at pinned commit,root Apache-2.0 declaration exists; per-file origin not independently verified,reference only; manual history audit required
1,https://github.com/BlackBoxing/BlackBox,a0a330732c51dd9476c618ede31ec7d4a168a5d5,android-mirror/src/main/java/black/android/content/pm/PackageParserLollipop22.java,f41a73c10acbe53c61ef7dc851fe3a944aba00cf2d9141be30b8e3dfa4ce9a61,942,false,none-detected,BlackBox aggregate tree at pinned commit,root Apache-2.0 declaration exists; per-file origin not independently verified,reference only; manual history audit required
1,https://github.com/BlackBoxing/BlackBox,a0a330732c51dd9476c618ede31ec7d4a168a5d5,android-mirror/src/main/java/black/android/content/pm/PackageParserMarshmallow.java,a592cb7182b3c5c69cf844a7f4770ee9b03596aa28a8320390bdaaf0d35b949b,966,false,none-detected,BlackBox aggregate tree at pinned commit,root Apache-2.0 declaration exists; per-file origin not independently verified,reference only; manual history audit required
1,https://github.com/BlackBoxing/BlackBox,a0a330732c51dd9476c618ede31ec7d4a168a5d5,android-mirror/src/main/java/black/android/content/pm/PackageParserNougat.java,bf17f97cd6e68deb65d1327e39dd75148b8531a394ca4d969000152a7760ae86,389,false,none-detected,BlackBox aggregate tree at pinned commit,root Apache-2.0 declaration exists; per-file origin not independently verified,reference only; manual history audit required
1,https://github.com/BlackBoxing/BlackBox,a0a330732c51dd9476c618ede31ec7d4a168a5d5,android-mirror/src/main/java/black/android/content/pm/PackageParserPie.java,fe32edb6e5a6252fc8e23918a8b0078a76caa17dd61950e4440ff0e749951a01,782,false,none-detected,BlackBox aggregate tree at pinned commit,root Apache-2.0 declaration exists; per-file origin not independently verified,reference only; manual history audit required
1,https://github.com/BlackBoxing/BlackBox,a0a330732c51dd9476c618ede31ec7d4a168a5d5,android-mirror/src/main/java/black/android/content/pm/PackageUserState.java,272e3e0b3ea0e8df739a88d173a872648b2d4835ab2e8e8562936b303c39eb65,306,false,none-detected,BlackBox aggregate tree at pinned commit,root Apache-2.0 declaration exists; per-file origin not independently verified,reference only; manual history audit required
1,https://github.com/BlackBoxing/BlackBox,a0a330732c51dd9476c618ede31ec7d4a168a5d5,android-mirror/src/main/java/black/android/content/pm/ParceledListSlice.java,9ec030f6a6a4fefebf8405fe018e0d9479dbf7559962278939c82d44145e7b8e,847,false,none-detected,BlackBox aggregate tree at pinned commit,root Apache-2.0 declaration exists; per-file origin not independently verified,reference only; manual history audit required
1,https://github.com/BlackBoxing/BlackBox,a0a330732c51dd9476c618ede31ec7d4a168a5d5,android-mirror/src/main/java/black/android/content/pm/SigningInfo.java,63e752d0c94fef37a461246c25b829130fc178563fc7f30686805254182618b0,508,false,none-detected,BlackBox aggregate tree at pinned commit,root Apache-2.0 declaration exists; per-file origin not independently verified,reference only; manual history audit required
1,https://github.com/BlackBoxing/BlackBox,a0a330732c51dd9476c618ede31ec7d4a168a5d5,android-mirror/src/main/java/black/android/content/pm/UserInfo.java,547df6604a68c80357e0c85fdf1383d665e34173d911992b229719158a9fc3de,419,false,none-detected,BlackBox aggregate tree at pinned commit,root Apache-2.0 declaration exists; per-file origin not independently verified,reference only; manual history audit required
1,https://github.com/BlackBoxing/BlackBox,a0a330732c51dd9476c618ede31ec7d4a168a5d5,android-mirror/src/main/java/black/android/content/res/AssetManager.java,d0406fa8e5b1491eb82a6c7a363958d450f8edd11736b359a0cef5037eafaef3,625,false,none-detected,BlackBox aggregate tree at pinned commit,root Apache-2.0 declaration exists; per-file origin not independently verified,reference only; manual history audit required
1,https://github.com/BlackBoxing/BlackBox,a0a330732c51dd9476c618ede31ec7d4a168a5d5,android-mirror/src/main/java/black/android/content/res/CompatibilityInfo.java,6943d5472ac2f9bb94eafeb92e1200f61f0c2c08f3de891955c5d3168b33484f,683,false,none-detected,BlackBox aggregate tree at pinned commit,root Apache-2.0 declaration exists; per-file origin not independently verified,reference only; manual history audit required
1,https://github.com/BlackBoxing/BlackBox,a0a330732c51dd9476c618ede31ec7d4a168a5d5,android-mirror/src/main/java/black/android/ddm/DdmHandleAppName.java,e90da9bc7f9690ebb9243dcd30e3fa33315ab626d895fa185cb66511bba5d5d4,309,false,none-detected,BlackBox aggregate tree at pinned commit,root Apache-2.0 declaration exists; per-file origin not independently verified,reference only; manual history audit required
1,https://github.com/BlackBoxing/BlackBox,a0a330732c51dd9476c618ede31ec7d4a168a5d5,android-mirror/src/main/java/black/android/graphics/Compatibility.java,f6992c51949b06b6529e380743c7fe848330dcf123cb8e4b752735fee98abc06,367,false,none-detected,BlackBox aggregate tree at pinned commit,root Apache-2.0 declaration exists; per-file origin not independently verified,reference only; manual history audit required
1,https://github.com/BlackBoxing/BlackBox,a0a330732c51dd9476c618ede31ec7d4a168a5d5,android-mirror/src/main/java/black/android/hardware/display/DisplayManagerGlobal.java,6216e606007e47e5ff8dbdf8cbf6ce2a1bea2fde79f024b0fe8eaeba79d321f7,451,false,none-detected,BlackBox aggregate tree at pinned commit,root Apache-2.0 declaration exists; per-file origin not independently verified,reference only; manual history audit required
1,https://github.com/BlackBoxing/BlackBox,a0a330732c51dd9476c618ede31ec7d4a168a5d5,android-mirror/src/main/java/black/android/hardware/display/IDisplayManager.java,d89abf72e2d5ca4365ea219657e4036f7fe700a3445afd2da9ce4b6b11be99ef,204,false,none-detected,BlackBox aggregate tree at pinned commit,root Apache-2.0 declaration exists; per-file origin not independently verified,reference only; manual history audit required
1,https://github.com/BlackBoxing/BlackBox,a0a330732c51dd9476c618ede31ec7d4a168a5d5,android-mirror/src/main/java/black/android/hardware/location/IContextHubService.java,690c7b6a1bc9c8cc5ab351b3795dedab5cad20b437d31e489ca9d4a51e866cb5,557,false,none-detected,BlackBox aggregate tree at pinned commit,root Apache-2.0 declaration exists; per-file origin not independently verified,reference only; manual history audit required
1,https://github.com/BlackBoxing/BlackBox,a0a330732c51dd9476c618ede31ec7d4a168a5d5,android-mirror/src/main/java/black/android/location/GpsStatus.java,84589e637b1fafe83e143890129372f4a1805ea963934035f811b381e593e0d6,373,false,none-detected,BlackBox aggregate tree at pinned commit,root Apache-2.0 declaration exists; per-file origin not independently verified,reference only; manual history audit required
1,https://github.com/BlackBoxing/BlackBox,a0a330732c51dd9476c618ede31ec7d4a168a5d5,android-mirror/src/main/java/black/android/location/GpsStatusL.java,1bc04b33f716f7e6443708554da0e91fbea136ba10204009fb9a7f3eb66852e0,383,false,none-detected,BlackBox aggregate tree at pinned commit,root Apache-2.0 declaration exists; per-file origin not independently verified,reference only; manual history audit required
1,https://github.com/BlackBoxing/BlackBox,a0a330732c51dd9476c618ede31ec7d4a168a5d5,android-mirror/src/main/java/black/android/location/ILocationListener.java,9e274044ce32487cfe287864cb22aa2d8ca9d2af271b497df4e24dbf79276da5,1205,false,none-detected,BlackBox aggregate tree at pinned commit,root Apache-2.0 declaration exists; per-file origin not independently verified,reference only; manual history audit required
1,https://github.com/BlackBoxing/BlackBox,a0a330732c51dd9476c618ede31ec7d4a168a5d5,android-mirror/src/main/java/black/android/location/ILocationManager.java,2bd51312d8f5f197e15996e37adce24be38c445c426f59dbd96991b3a773c69e,476,false,none-detected,BlackBox aggregate tree at pinned commit,root Apache-2.0 declaration exists; per-file origin not independently verified,reference only; manual history audit required
1,https://github.com/BlackBoxing/BlackBox,a0a330732c51dd9476c618ede31ec7d4a168a5d5,android-mirror/src/main/java/black/android/location/LocationManager.java,cbb562ac151dfa72279aa2160b336b24a4226fbf3cb77375337b451f57a58c41,3695,false,none-detected,BlackBox aggregate tree at pinned commit,root Apache-2.0 declaration exists; per-file origin not independently verified,reference only; manual history audit required
1,https://github.com/BlackBoxing/BlackBox,a0a330732c51dd9476c618ede31ec7d4a168a5d5,android-mirror/src/main/java/black/android/location/LocationManagerQ.java,7c3142887359e1eab788c3368422f4534de4661942332416e67c867f5b6e524a,524,false,none-detected,BlackBox aggregate tree at pinned commit,root Apache-2.0 declaration exists; per-file origin not independently verified,reference only; manual history audit required
1,https://github.com/BlackBoxing/BlackBox,a0a330732c51dd9476c618ede31ec7d4a168a5d5,android-mirror/src/main/java/black/android/location/LocationRequestL.java,67cf3815b7d38b6373aad6a8f1ef7c538c790b002130f0a431154418a5571574,474,false,none-detected,BlackBox aggregate tree at pinned commit,root Apache-2.0 declaration exists; per-file origin not independently verified,reference only; manual history audit required
1,https://github.com/BlackBoxing/BlackBox,a0a330732c51dd9476c618ede31ec7d4a168a5d5,android-mirror/src/main/java/black/android/location/provider/ProviderProperties.java,3fcf83724b531e57354c5d9520514c7a2690f1496ba772a665be3d84faa29d86,625,false,none-detected,BlackBox aggregate tree at pinned commit,root Apache-2.0 declaration exists; per-file origin not independently verified,reference only; manual history audit required
1,https://github.com/BlackBoxing/BlackBox,a0a330732c51dd9476c618ede31ec7d4a168a5d5,android-mirror/src/main/java/black/android/media/AudioManager.java,9545495ca8a0b271cd49bc142fc6e00b42069ce6a1a46ae5c6a225f57da2c661,427,false,none-detected,BlackBox aggregate tree at pinned commit,root Apache-2.0 declaration exists; per-file origin not independently verified,reference only; manual history audit required
1,https://github.com/BlackBoxing/BlackBox,a0a330732c51dd9476c618ede31ec7d4a168a5d5,android-mirror/src/main/java/black/android/media/IAudioService.java,15018aab6805204b84f6fd68406ee0d82d01eb10162d1b000f5db5a17cad5b38,458,false,none-detected,BlackBox aggregate tree at pinned commit,root Apache-2.0 declaration exists; per-file origin not independently verified,reference only; manual history audit required
1,https://github.com/BlackBoxing/BlackBox,a0a330732c51dd9476c618ede31ec7d4a168a5d5,android-mirror/src/main/java/black/android/media/IMediaRouterService.java,fac7bf2171e929e5eac77dc52f6bddaf6713b81c2c3baac4c03780a9702bc69e,476,false,none-detected,BlackBox aggregate tree at pinned commit,root Apache-2.0 declaration exists; per-file origin not independently verified,reference only; manual history audit required
1,https://github.com/BlackBoxing/BlackBox,a0a330732c51dd9476c618ede31ec7d4a168a5d5,android-mirror/src/main/java/black/android/media/MediaRouter.java,cc6c5a33abef464feff1aa97f7e7d902cb9ea3582cd01da2f02c4babc055de87,659,false,none-detected,BlackBox aggregate tree at pinned commit,root Apache-2.0 declaration exists; per-file origin not independently verified,reference only; manual history audit required
1,https://github.com/BlackBoxing/BlackBox,a0a330732c51dd9476c618ede31ec7d4a168a5d5,android-mirror/src/main/java/black/android/media/session/ISessionManager.java,912267c292a1fd79b9f9981f7e53a6d3580d8113598e40e805c1581921a628fa,488,false,none-detected,BlackBox aggregate tree at pinned commit,root Apache-2.0 declaration exists; per-file origin not independently verified,reference only; manual history audit required
1,https://github.com/BlackBoxing/BlackBox,a0a330732c51dd9476c618ede31ec7d4a168a5d5,android-mirror/src/main/java/black/android/net/IConnectivityManager.java,cb7e092063f7d533cd8144062ebe63df74a8b0bfbcf0f08402767f9f2e85cb60,473,false,none-detected,BlackBox aggregate tree at pinned commit,root Apache-2.0 declaration exists; per-file origin not independently verified,reference only; manual history audit required
1,https://github.com/BlackBoxing/BlackBox,a0a330732c51dd9476c618ede31ec7d4a168a5d5,android-mirror/src/main/java/black/android/net/IVpnManager.java,b0ee5b5b2e00707ef125ddabf9c53deabf39b2ece7b61096937180dbf89cf9bb,496,false,none-detected,BlackBox aggregate tree at pinned commit,root Apache-2.0 declaration exists; per-file origin not independently verified,reference only; manual history audit required
1,https://github.com/BlackBoxing/BlackBox,a0a330732c51dd9476c618ede31ec7d4a168a5d5,android-mirror/src/main/java/black/android/net/NetworkInfo.java,bc9999f3bd288c7e87b82c87294de488e29ca2da4403224823868f63317aaa37,736,false,none-detected,BlackBox aggregate tree at pinned commit,root Apache-2.0 declaration exists; per-file origin not independently verified,reference only; manual history audit required
1,https://github.com/BlackBoxing/BlackBox,a0a330732c51dd9476c618ede31ec7d4a168a5d5,android-mirror/src/main/java/black/android/net/wifi/IWifiManager.java,ad408f834a1719850b55d6d97112211373bd4e90968bf18d571d06d8e6cbd7dd,464,false,none-detected,BlackBox aggregate tree at pinned commit,root Apache-2.0 declaration exists; per-file origin not independently verified,reference only; manual history audit required
1,https://github.com/BlackBoxing/BlackBox,a0a330732c51dd9476c618ede31ec7d4a168a5d5,android-mirror/src/main/java/black/android/net/wifi/WifiInfo.java,ff4570d124504be3809d5140d6800a9e4ad7f95e0509ab41997bbb7a6743a2eb,813,false,none-detected,BlackBox aggregate tree at pinned commit,root Apache-2.0 declaration exists; per-file origin not independently verified,reference only; manual history audit required
1,https://github.com/BlackBoxing/BlackBox,a0a330732c51dd9476c618ede31ec7d4a168a5d5,android-mirror/src/main/java/black/android/net/wifi/WifiManager.java,22b7b6c7bd10a8c2fb5d78ee369a16f5cf89d981af48987d128175a25ca49597,421,false,none-detected,BlackBox aggregate tree at pinned commit,root Apache-2.0 declaration exists; per-file origin not independently verified,reference only; manual history audit required
1,https://github.com/BlackBoxing/BlackBox,a0a330732c51dd9476c618ede31ec7d4a168a5d5,android-mirror/src/main/java/black/android/net/wifi/WifiScanner.java,1bdc657bd707165d2aeba8d81b2a7d33be1d5e4b13777a2cb1b199c2e412fb90,306,false,none-detected,BlackBox aggregate tree at pinned commit,root Apache-2.0 declaration exists; per-file origin not independently verified,reference only; manual history audit required
1,https://github.com/BlackBoxing/BlackBox,a0a330732c51dd9476c618ede31ec7d4a168a5d5,android-mirror/src/main/java/black/android/net/wifi/WifiSsid.java,fe12ee6efb80934e3035932d4bc3a22074e66aedaf3ff545d1b80aeb63e875b7,315,false,none-detected,BlackBox aggregate tree at pinned commit,root Apache-2.0 declaration exists; per-file origin not independently verified,reference only; manual history audit required
1,https://github.com/BlackBoxing/BlackBox,a0a330732c51dd9476c618ede31ec7d4a168a5d5,android-mirror/src/main/java/black/android/nfc/INfcAdapter.java,b13359dd37634b9a1448f91777fe8345eb5958cb2a278308a242619a57e0ec2a,446,false,none-detected,BlackBox aggregate tree at pinned commit,root Apache-2.0 declaration exists; per-file origin not independently verified,reference only; manual history audit required
1,https://github.com/BlackBoxing/BlackBox,a0a330732c51dd9476c618ede31ec7d4a168a5d5,android-mirror/src/main/java/black/android/os/BaseBundle.java,076c11c8c7dc05dbf20235a851c459f2a98bf6c2f57a32553c15351c505fd28e,293,false,none-detected,BlackBox aggregate tree at pinned commit,root Apache-2.0 declaration exists; per-file origin not independently verified,reference only; manual history audit required
1,https://github.com/BlackBoxing/BlackBox,a0a330732c51dd9476c618ede31ec7d4a168a5d5,android-mirror/src/main/java/black/android/os/Build.java,d4873d0cee860546c08c8f6ad46ddd64048b382b3b39b148bd2b044f83f04572,726,false,none-detected,BlackBox aggregate tree at pinned commit,root Apache-2.0 declaration exists; per-file origin not independently verified,reference only; manual history audit required
1,https://github.com/BlackBoxing/BlackBox,a0a330732c51dd9476c618ede31ec7d4a168a5d5,android-mirror/src/main/java/black/android/os/Bundle.java,046e7db8ecec564ea96b96621826b46d669177ea3130f3aba85671dedea49992,371,false,none-detected,BlackBox aggregate tree at pinned commit,root Apache-2.0 declaration exists; per-file origin not independently verified,reference only; manual history audit required
1,https://github.com/BlackBoxing/BlackBox,a0a330732c51dd9476c618ede31ec7d4a168a5d5,android-mirror/src/main/java/black/android/os/BundleICS.java,3e16d1fb9acf1c50a21aafcd552295ed0acf3987e09df2adfbbe9509d66c4203,288,false,none-detected,BlackBox aggregate tree at pinned commit,root Apache-2.0 declaration exists; per-file origin not independently verified,reference only; manual history audit required
1,https://github.com/BlackBoxing/BlackBox,a0a330732c51dd9476c618ede31ec7d4a168a5d5,android-mirror/src/main/java/black/android/os/DropBoxManager.java,994b11fb4e77d66fd2aded5b240037f98b5a4adea3a74082b252fdcf3775e29a,303,false,none-detected,BlackBox aggregate tree at pinned commit,root Apache-2.0 declaration exists; per-file origin not independently verified,reference only; manual history audit required
1,https://github.com/BlackBoxing/BlackBox,a0a330732c51dd9476c618ede31ec7d4a168a5d5,android-mirror/src/main/java/black/android/os/Handler.java,c09db600d689f04ce50422a8516b5a2ce8836fcd780c8f23db3c9b3d095261d0,294,false,none-detected,BlackBox aggregate tree at pinned commit,root Apache-2.0 declaration exists; per-file origin not independently verified,reference only; manual history audit required
1,https://github.com/BlackBoxing/BlackBox,a0a330732c51dd9476c618ede31ec7d4a168a5d5,android-mirror/src/main/java/black/android/os/IDeviceIdentifiersPolicyService.java,fadc22f379ebed09207247a6ade3bfdce59a9cfe1410388d7b5d15b66d924e9c,503,false,none-detected,BlackBox aggregate tree at pinned commit,root Apache-2.0 declaration exists; per-file origin not independently verified,reference only; manual history audit required
1,https://github.com/BlackBoxing/BlackBox,a0a330732c51dd9476c618ede31ec7d4a168a5d5,android-mirror/src/main/java/black/android/os/INetworkManagementService.java,374b1e3124457816f7583d8c39268dc134256f3a4b6106ce9fdb289f3850e39f,485,false,none-detected,BlackBox aggregate tree at pinned commit,root Apache-2.0 declaration exists; per-file origin not independently verified,reference only; manual history audit required
1,https://github.com/BlackBoxing/BlackBox,a0a330732c51dd9476c618ede31ec7d4a168a5d5,android-mirror/src/main/java/black/android/os/IPowerManager.java,6d8de21223acdeb530d9ce25f256c055d9a2854881abfafa0f5892d6b3344936,449,false,none-detected,BlackBox aggregate tree at pinned commit,root Apache-2.0 declaration exists; per-file origin not independently verified,reference only; manual history audit required
1,https://github.com/BlackBoxing/BlackBox,a0a330732c51dd9476c618ede31ec7d4a168a5d5,android-mirror/src/main/java/black/android/os/IUserManager.java,b5f4141d2e8f3cc4ca103764ebffd14a10e597e1724da3abd7b0847e3d922d33,446,false,none-detected,BlackBox aggregate tree at pinned commit,root Apache-2.0 declaration exists; per-file origin not independently verified,reference only; manual history audit required
1,https://github.com/BlackBoxing/BlackBox,a0a330732c51dd9476c618ede31ec7d4a168a5d5,android-mirror/src/main/java/black/android/os/IVibratorManagerService.java,c6f7c92e723c310918317a64402fbd9c55f5fb808f2a49bb2e62ae4394f78b96,529,false,none-detected,BlackBox aggregate tree at pinned commit,root Apache-2.0 declaration exists; per-file origin not independently verified,reference only; manual history audit required
1,https://github.com/BlackBoxing/BlackBox,a0a330732c51dd9476c618ede31ec7d4a168a5d5,android-mirror/src/main/java/black/android/os/MemoryFile.java,a73c1393b8854d503944800afded315dea4b1fc5a47987f7305900b1a58605e8,311,false,none-detected,BlackBox aggregate tree at pinned commit,root Apache-2.0 declaration exists; per-file origin not independently verified,reference only; manual history audit required
1,https://github.com/BlackBoxing/BlackBox,a0a330732c51dd9476c618ede31ec7d4a168a5d5,android-mirror/src/main/java/black/android/os/Message.java,deda063e051a2282742880511d0784e77a1bde830d97c21ebe2e22ca45e05d4e,284,false,none-detected,BlackBox aggregate tree at pinned commit,root Apache-2.0 declaration exists; per-file origin not independently verified,reference only; manual history audit required
1,https://github.com/BlackBoxing/BlackBox,a0a330732c51dd9476c618ede31ec7d4a168a5d5,android-mirror/src/main/java/black/android/os/Parcel.java,efc14cd2a0d2690c0d1c3e7b7aea4404e884031c7a117e8b1da9e7d769b5c189,320,false,none-detected,BlackBox aggregate tree at pinned commit,root Apache-2.0 declaration exists; per-file origin not independently verified,reference only; manual history audit required
1,https://github.com/BlackBoxing/BlackBox,a0a330732c51dd9476c618ede31ec7d4a168a5d5,android-mirror/src/main/java/black/android/os/Process.java,11355b5926d05cca66978a2e3b60ffe5f9c007f539fa5842d0504299fd33a681,280,false,none-detected,BlackBox aggregate tree at pinned commit,root Apache-2.0 declaration exists; per-file origin not independently verified,reference only; manual history audit required
1,https://github.com/BlackBoxing/BlackBox,a0a330732c51dd9476c618ede31ec7d4a168a5d5,android-mirror/src/main/java/black/android/os/ServiceManager.java,c5c7d567b0fcca1c5718185e30434a0a8add604beb588d2416671e3b893ae9b2,797,false,none-detected,BlackBox aggregate tree at pinned commit,root Apache-2.0 declaration exists; per-file origin not independently verified,reference only; manual history audit required
1,https://github.com/BlackBoxing/BlackBox,a0a330732c51dd9476c618ede31ec7d4a168a5d5,android-mirror/src/main/java/black/android/os/StrictMode.java,c6798da64b46928da607af0ecb974a7a1b0d33df48eddd955f7a2a8d4bb0adbf,532,false,none-detected,BlackBox aggregate tree at pinned commit,root Apache-2.0 declaration exists; per-file origin not independently verified,reference only; manual history audit required
1,https://github.com/BlackBoxing/BlackBox,a0a330732c51dd9476c618ede31ec7d4a168a5d5,android-mirror/src/main/java/black/android/os/SystemProperties.java,58a4ca2bbc0826bcd7e5e9d4095ddba7b1beda9c2d72ef98a4c9091fef38d41d,303,false,none-detected,BlackBox aggregate tree at pinned commit,root Apache-2.0 declaration exists; per-file origin not independently verified,reference only; manual history audit required
1,https://github.com/BlackBoxing/BlackBox,a0a330732c51dd9476c618ede31ec7d4a168a5d5,android-mirror/src/main/java/black/android/os/UserHandle.java,c9f8a944a9b8c82b015a1eec310bdbb9ef7238e1c3d2111ee2470fa717dfc313,275,false,none-detected,BlackBox aggregate tree at pinned commit,root Apache-2.0 declaration exists; per-file origin not independently verified,reference only; manual history audit required
1,https://github.com/BlackBoxing/BlackBox,a0a330732c51dd9476c618ede31ec7d4a168a5d5,android-mirror/src/main/java/black/android/os/health/SystemHealthManager.java,b5ca723da1ce71a8f509cf092c683df32f2516905a826d317381b0e61abb9e98,332,false,none-detected,BlackBox aggregate tree at pinned commit,root Apache-2.0 declaration exists; per-file origin not independently verified,reference only; manual history audit required
1,https://github.com/BlackBoxing/BlackBox,a0a330732c51dd9476c618ede31ec7d4a168a5d5,android-mirror/src/main/java/black/android/os/mount/IMountService.java,bfc5f6a1dec455d512ea794c587382840c21b70ba9b94a96290fe8c26e4c23b1,471,false,none-detected,BlackBox aggregate tree at pinned commit,root Apache-2.0 declaration exists; per-file origin not independently verified,reference only; manual history audit required
1,https://github.com/BlackBoxing/BlackBox,a0a330732c51dd9476c618ede31ec7d4a168a5d5,android-mirror/src/main/java/black/android/os/storage/IStorageManager.java,723c1d09ebdc57442b859425ba32ce8f30009ebbecbe54b8e57fecc39c0b3d32,479,false,none-detected,BlackBox aggregate tree at pinned commit,root Apache-2.0 declaration exists; per-file origin not independently verified,reference only; manual history audit required
1,https://github.com/BlackBoxing/BlackBox,a0a330732c51dd9476c618ede31ec7d4a168a5d5,android-mirror/src/main/java/black/android/os/storage/StorageManager.java,4d5c733394b0946318273bb7cf499e17ead54c13492fd738c88d7868dcb61200,372,false,none-detected,BlackBox aggregate tree at pinned commit,root Apache-2.0 declaration exists; per-file origin not independently verified,reference only; manual history audit required
1,https://github.com/BlackBoxing/BlackBox,a0a330732c51dd9476c618ede31ec7d4a168a5d5,android-mirror/src/main/java/black/android/os/storage/StorageVolume.java,d1aa8d18441b03da91c183ca5fe46c62496fd06ccbf5a491ad9771322ca17996,341,false,none-detected,BlackBox aggregate tree at pinned commit,root Apache-2.0 declaration exists; per-file origin not independently verified,reference only; manual history audit required
1,https://github.com/BlackBoxing/BlackBox,a0a330732c51dd9476c618ede31ec7d4a168a5d5,android-mirror/src/main/java/black/android/permission/IPermissionManager.java,4f314c256aafce9689b0939e371c753c3aa37d59c473c00e6ffe1e5cfe16d6b1,488,false,none-detected,BlackBox aggregate tree at pinned commit,root Apache-2.0 declaration exists; per-file origin not independently verified,reference only; manual history audit required
1,https://github.com/BlackBoxing/BlackBox,a0a330732c51dd9476c618ede31ec7d4a168a5d5,android-mirror/src/main/java/black/android/providers/Settings.java,919632a93a3ab6972e77c12aa78a7dda5fc8feb71851aea32c4ca3b70f1ba09f,1242,false,none-detected,BlackBox aggregate tree at pinned commit,root Apache-2.0 declaration exists; per-file origin not independently verified,reference only; manual history audit required
1,https://github.com/BlackBoxing/BlackBox,a0a330732c51dd9476c618ede31ec7d4a168a5d5,android-mirror/src/main/java/black/android/renderscript/RenderScriptCacheDir.java,d631f1cb98ea9bb4fe168029a5d596b577a25b5557bc7775d523c2205f17d027,350,false,none-detected,BlackBox aggregate tree at pinned commit,root Apache-2.0 declaration exists; per-file origin not independently verified,reference only; manual history audit required
1,https://github.com/BlackBoxing/BlackBox,a0a330732c51dd9476c618ede31ec7d4a168a5d5,android-mirror/src/main/java/black/android/rms/HwSysResImplP.java,cede34ae999c94b6e30630e1ff8ec31d3e598a454a11b87ca192ccda8ce40963,330,false,none-detected,BlackBox aggregate tree at pinned commit,root Apache-2.0 declaration exists; per-file origin not independently verified,reference only; manual history audit required
1,https://github.com/BlackBoxing/BlackBox,a0a330732c51dd9476c618ede31ec7d4a168a5d5,android-mirror/src/main/java/black/android/rms/resource/ReceiverResourceLP.java,22fc71d9c3cd5692d72ec2201ee0b9ebb862fe80cffd2151d309583298bc1c2b,301,false,none-detected,BlackBox aggregate tree at pinned commit,root Apache-2.0 declaration exists; per-file origin not independently verified,reference only; manual history audit required
1,https://github.com/BlackBoxing/BlackBox,a0a330732c51dd9476c618ede31ec7d4a168a5d5,android-mirror/src/main/java/black/android/rms/resource/ReceiverResourceM.java,55d7e2fc7c55c1615f38cc7ec75657d5b5ecd4e330f8972e4b2db3a941c1a988,297,false,none-detected,BlackBox aggregate tree at pinned commit,root Apache-2.0 declaration exists; per-file origin not independently verified,reference only; manual history audit required
1,https://github.com/BlackBoxing/BlackBox,a0a330732c51dd9476c618ede31ec7d4a168a5d5,android-mirror/src/main/java/black/android/rms/resource/ReceiverResourceN.java,0db89cebc1a5d3cd6a7f29c2521155f9f7539437d1b4790fb722d63ba6a4d225,325,false,none-detected,BlackBox aggregate tree at pinned commit,root Apache-2.0 declaration exists; per-file origin not independently verified,reference only; manual history audit required
1,https://github.com/BlackBoxing/BlackBox,a0a330732c51dd9476c618ede31ec7d4a168a5d5,android-mirror/src/main/java/black/android/rms/resource/ReceiverResourceO.java,87aa949f13acdbc1d1edbcb77cf9b7f6793fadf043bfbe862804b87a9ac56f3c,351,false,none-detected,BlackBox aggregate tree at pinned commit,root Apache-2.0 declaration exists; per-file origin not independently verified,reference only; manual history audit required
1,https://github.com/BlackBoxing/BlackBox,a0a330732c51dd9476c618ede31ec7d4a168a5d5,android-mirror/src/main/java/black/android/security/net/config/NetworkSecurityConfigProvider.java,073e1ecd4f9725046d8e9a9c2e834d1240e4c3fd8502f6bdeab92edb103fe1e1,392,false,none-detected,BlackBox aggregate tree at pinned commit,root Apache-2.0 declaration exists; per-file origin not independently verified,reference only; manual history audit required
1,https://github.com/BlackBoxing/BlackBox,a0a330732c51dd9476c618ede31ec7d4a168a5d5,android-mirror/src/main/java/black/android/service/notification/StatusBarNotification.java,6a316e0ae3b9a44ac559887e089744b2de14dde6d5de58eb621963ba2c30cbe0,417,false,none-detected,BlackBox aggregate tree at pinned commit,root Apache-2.0 declaration exists; per-file origin not independently verified,reference only; manual history audit required
1,https://github.com/BlackBoxing/BlackBox,a0a330732c51dd9476c618ede31ec7d4a168a5d5,android-mirror/src/main/java/black/android/service/persistentdata/IPersistentDataBlockService.java,a5d1b18a7811f33554a15efc35cda79d8815c6929170856584e3ba82c9138b85,551,false,none-detected,BlackBox aggregate tree at pinned commit,root Apache-2.0 declaration exists; per-file origin not independently verified,reference only; manual history audit required
1,https://github.com/BlackBoxing/BlackBox,a0a330732c51dd9476c618ede31ec7d4a168a5d5,android-mirror/src/main/java/black/android/telephony/CellIdentityCdma.java,53638aba81913db56d6e80e7363fb6721ce9210e5a14e07c962dab29bb0bc944,478,false,none-detected,BlackBox aggregate tree at pinned commit,root Apache-2.0 declaration exists; per-file origin not independently verified,reference only; manual history audit required
1,https://github.com/BlackBoxing/BlackBox,a0a330732c51dd9476c618ede31ec7d4a168a5d5,android-mirror/src/main/java/black/android/telephony/CellIdentityGsm.java,bb85eadd2767121d69b5684ae0f7712859178905453adcb7f96cade66a6d49dd,486,false,none-detected,BlackBox aggregate tree at pinned commit,root Apache-2.0 declaration exists; per-file origin not independently verified,reference only; manual history audit required
1,https://github.com/BlackBoxing/BlackBox,a0a330732c51dd9476c618ede31ec7d4a168a5d5,android-mirror/src/main/java/black/android/telephony/CellInfoCdma.java,fefc67641513f8726a4b0af647c6e20eaa04384440b0a23720f1f718e0af5828,571,false,none-detected,BlackBox aggregate tree at pinned commit,root Apache-2.0 declaration exists; per-file origin not independently verified,reference only; manual history audit required
1,https://github.com/BlackBoxing/BlackBox,a0a330732c51dd9476c618ede31ec7d4a168a5d5,android-mirror/src/main/java/black/android/telephony/CellInfoGsm.java,0bbd75a50466f3dadc015c8f527d8791cd72e86a7b095748dab2bc6e14846b98,562,false,none-detected,BlackBox aggregate tree at pinned commit,root Apache-2.0 declaration exists; per-file origin not independently verified,reference only; manual history audit required
1,https://github.com/BlackBoxing/BlackBox,a0a330732c51dd9476c618ede31ec7d4a168a5d5,android-mirror/src/main/java/black/android/telephony/CellSignalStrengthCdma.java,b9414419b26d0f19da19c1881cfaa20dd46947a89751fc50b06e0def9073202e,561,false,none-detected,BlackBox aggregate tree at pinned commit,root Apache-2.0 declaration exists; per-file origin not independently verified,reference only; manual history audit required
1,https://github.com/BlackBoxing/BlackBox,a0a330732c51dd9476c618ede31ec7d4a168a5d5,android-mirror/src/main/java/black/android/telephony/CellSignalStrengthGsm.java,7306b0afdb3705d2dedfe78cd577c37425c541c6f1bac72eb642037cb09743d3,460,false,none-detected,BlackBox aggregate tree at pinned commit,root Apache-2.0 declaration exists; per-file origin not independently verified,reference only; manual history audit required
1,https://github.com/BlackBoxing/BlackBox,a0a330732c51dd9476c618ede31ec7d4a168a5d5,android-mirror/src/main/java/black/android/telephony/NeighboringCellInfo.java,30201b2e9f86ac84f606677c5f65db8e7171e497e3de3456d4d0c87c36e18616,350,false,none-detected,BlackBox aggregate tree at pinned commit,root Apache-2.0 declaration exists; per-file origin not independently verified,reference only; manual history audit required
1,https://github.com/BlackBoxing/BlackBox,a0a330732c51dd9476c618ede31ec7d4a168a5d5,android-mirror/src/main/java/black/android/telephony/SmsManager.java,2526a49109148c73d1aea1705f67f72d9ab1f7991de2af022669570ec37e6f8d,349,false,none-detected,BlackBox aggregate tree at pinned commit,root Apache-2.0 declaration exists; per-file origin not independently verified,reference only; manual history audit required
1,https://github.com/BlackBoxing/BlackBox,a0a330732c51dd9476c618ede31ec7d4a168a5d5,android-mirror/src/main/java/black/android/telephony/TelephonyManager.java,54d8b9601f292434c9530dc42023af857ec576871d389015823f0afc6fab1a17,625,false,none-detected,BlackBox aggregate tree at pinned commit,root Apache-2.0 declaration exists; per-file origin not independently verified,reference only; manual history audit required
1,https://github.com/BlackBoxing/BlackBox,a0a330732c51dd9476c618ede31ec7d4a168a5d5,android-mirror/src/main/java/black/android/util/Singleton.java,0099024342bd737be602bf7aab31d3945d404601fdae2eb6fab4421f81234e42,356,false,none-detected,BlackBox aggregate tree at pinned commit,root Apache-2.0 declaration exists; per-file origin not independently verified,reference only; manual history audit required
1,https://github.com/BlackBoxing/BlackBox,a0a330732c51dd9476c618ede31ec7d4a168a5d5,android-mirror/src/main/java/black/android/view/CompatibilityInfoHolder.java,25b67ab4c9db1adaee35e545b0f2831690823a45bb9a4e7d6dbc6a07d613901f,285,false,none-detected,BlackBox aggregate tree at pinned commit,root Apache-2.0 declaration exists; per-file origin not independently verified,reference only; manual history audit required
1,https://github.com/BlackBoxing/BlackBox,a0a330732c51dd9476c618ede31ec7d4a168a5d5,android-mirror/src/main/java/black/android/view/Display.java,b61d127ef7a1a69b352e459b1f77f563862f358b8234398a798f29e7bd19144d,311,false,none-detected,BlackBox aggregate tree at pinned commit,root Apache-2.0 declaration exists; per-file origin not independently verified,reference only; manual history audit required
1,https://github.com/BlackBoxing/BlackBox,a0a330732c51dd9476c618ede31ec7d4a168a5d5,android-mirror/src/main/java/black/android/view/DisplayAdjustments.java,b77139b2ad1c1f708cbe68b25c3036a47fb2cdf97197585fced32cddf2fce5b5,292,false,none-detected,BlackBox aggregate tree at pinned commit,root Apache-2.0 declaration exists; per-file origin not independently verified,reference only; manual history audit required
1,https://github.com/BlackBoxing/BlackBox,a0a330732c51dd9476c618ede31ec7d4a168a5d5,android-mirror/src/main/java/black/android/view/HardwareRenderer.java,b020522c0c9bfc98b4533867a6b075a4f2103c3a4cac042bb8419f2756a0c283,326,false,none-detected,BlackBox aggregate tree at pinned commit,root Apache-2.0 declaration exists; per-file origin not independently verified,reference only; manual history audit required
1,https://github.com/BlackBoxing/BlackBox,a0a330732c51dd9476c618ede31ec7d4a168a5d5,android-mirror/src/main/java/black/android/view/IAutoFillManager.java,e0af386d3394bd5489b0a1ac09d71b72132bdc979035c5a8ed4d61b50684bd8c,482,false,none-detected,BlackBox aggregate tree at pinned commit,root Apache-2.0 declaration exists; per-file origin not independently verified,reference only; manual history audit required
1,https://github.com/BlackBoxing/BlackBox,a0a330732c51dd9476c618ede31ec7d4a168a5d5,android-mirror/src/main/java/black/android/view/IGraphicsStats.java,76b33684dac86772c3c84ce553dde46a5c753581a0fbc713c012c4ae77a898c8,458,false,none-detected,BlackBox aggregate tree at pinned commit,root Apache-2.0 declaration exists; per-file origin not independently verified,reference only; manual history audit required
1,https://github.com/BlackBoxing/BlackBox,a0a330732c51dd9476c618ede31ec7d4a168a5d5,android-mirror/src/main/java/black/android/view/IWindowManager.java,be87bb6cf1a7d1c0a465ee4ca61dae558be036fe4e82089c54844ff53d52f71d,458,false,none-detected,BlackBox aggregate tree at pinned commit,root Apache-2.0 declaration exists; per-file origin not independently verified,reference only; manual history audit required
1,https://github.com/BlackBoxing/BlackBox,a0a330732c51dd9476c618ede31ec7d4a168a5d5,android-mirror/src/main/java/black/android/view/RenderScript.java,1e48bcee0fce45ea0729bf4150f314fe0cdbb83655202acf6b51b30aa67d94e7,326,false,none-detected,BlackBox aggregate tree at pinned commit,root Apache-2.0 declaration exists; per-file origin not independently verified,reference only; manual history audit required
1,https://github.com/BlackBoxing/BlackBox,a0a330732c51dd9476c618ede31ec7d4a168a5d5,android-mirror/src/main/java/black/android/view/SurfaceControl.java,9d695d538923528d8664c8a81716793c0f431124894b6518bb4757809a038d40,338,false,none-detected,BlackBox aggregate tree at pinned commit,root Apache-2.0 declaration exists; per-file origin not independently verified,reference only; manual history audit required
1,https://github.com/BlackBoxing/BlackBox,a0a330732c51dd9476c618ede31ec7d4a168a5d5,android-mirror/src/main/java/black/android/view/ThreadedRenderer.java,f86ba4908777a8cf8a787b1cc565117492c8beef2eeb47110ca48e086a5324ab,326,false,none-detected,BlackBox aggregate tree at pinned commit,root Apache-2.0 declaration exists; per-file origin not independently verified,reference only; manual history audit required
1,https://github.com/BlackBoxing/BlackBox,a0a330732c51dd9476c618ede31ec7d4a168a5d5,android-mirror/src/main/java/black/android/view/WindowManagerGlobal.java,4d64d87f4a57a4a73d43e5dd5c2e1421ee11e919e8c99def74029ab5251a2eb0,397,false,none-detected,BlackBox aggregate tree at pinned commit,root Apache-2.0 declaration exists; per-file origin not independently verified,reference only; manual history audit required
1,https://github.com/BlackBoxing/BlackBox,a0a330732c51dd9476c618ede31ec7d4a168a5d5,android-mirror/src/main/java/black/android/view/accessibility/IAccessibilityManager.java,53ede7266b67478cb4bb6d58c51480599f1c1edce953660546f0a9ef0b631f90,521,false,none-detected,BlackBox aggregate tree at pinned commit,root Apache-2.0 declaration exists; per-file origin not independently verified,reference only; manual history audit required
1,https://github.com/BlackBoxing/BlackBox,a0a330732c51dd9476c618ede31ec7d4a168a5d5,android-mirror/src/main/java/black/android/webkit/IWebViewUpdateService.java,720d0eb4c28b4abe9f0600e1d496d06c358d4f9ad5f017bd7f515faec844d144,365,false,none-detected,BlackBox aggregate tree at pinned commit,root Apache-2.0 declaration exists; per-file origin not independently verified,reference only; manual history audit required
1,https://github.com/BlackBoxing/BlackBox,a0a330732c51dd9476c618ede31ec7d4a168a5d5,android-mirror/src/main/java/black/android/webkit/WebViewFactory.java,017b65a73b8c7d2712e2a594784901d4f669a43f7c30c1277db820280e7da889,416,false,none-detected,BlackBox aggregate tree at pinned commit,root Apache-2.0 declaration exists; per-file origin not independently verified,reference only; manual history audit required
1,https://github.com/BlackBoxing/BlackBox,a0a330732c51dd9476c618ede31ec7d4a168a5d5,android-mirror/src/main/java/black/android/widget/RemoteViews.java,a7b2bd24db2db149b9fd6190ca2423cdb799e7ec8ece949111386558bda8d105,447,false,none-detected,BlackBox aggregate tree at pinned commit,root Apache-2.0 declaration exists; per-file origin not independently verified,reference only; manual history audit required
1,https://github.com/BlackBoxing/BlackBox,a0a330732c51dd9476c618ede31ec7d4a168a5d5,android-mirror/src/main/java/black/android/widget/Toast.java,a3963883da0ba536e0218843d637dd8133a13d7a0098c05d15a7452d9c17034c,305,false,none-detected,BlackBox aggregate tree at pinned commit,root Apache-2.0 declaration exists; per-file origin not independently verified,reference only; manual history audit required
1,https://github.com/BlackBoxing/BlackBox,a0a330732c51dd9476c618ede31ec7d4a168a5d5,android-mirror/src/main/java/black/com/android/internal/R.java,619792c9ed4a3ebc88d0ce4fed063a0eae02a4d143b6d163c1d5bf303da54c88,3762,false,none-detected,BlackBox aggregate tree at pinned commit,root Apache-2.0 declaration exists; per-file origin not independently verified,reference only; manual history audit required
1,https://github.com/BlackBoxing/BlackBox,a0a330732c51dd9476c618ede31ec7d4a168a5d5,android-mirror/src/main/java/black/com/android/internal/app/IAppOpsService.java,ef949c592dcb892d011a84d5b83a3ecb3977584eb9388bd483f1a75b858c53df,494,false,none-detected,BlackBox aggregate tree at pinned commit,root Apache-2.0 declaration exists; per-file origin not independently verified,reference only; manual history audit required
1,https://github.com/BlackBoxing/BlackBox,a0a330732c51dd9476c618ede31ec7d4a168a5d5,android-mirror/src/main/java/black/com/android/internal/app/IBatteryStats.java,517c729c3d2d4bde5284a3f2267c45392b65f794849c2d595f9d51b0cf8fa9a8,491,false,none-detected,BlackBox aggregate tree at pinned commit,root Apache-2.0 declaration exists; per-file origin not independently verified,reference only; manual history audit required
1,https://github.com/BlackBoxing/BlackBox,a0a330732c51dd9476c618ede31ec7d4a168a5d5,android-mirror/src/main/java/black/com/android/internal/app/ISmtOpsService.java,32e96220c2afd2bd2dc274dd391e75742d06ae44ae80d1070cf1752b60ce5789,494,false,none-detected,BlackBox aggregate tree at pinned commit,root Apache-2.0 declaration exists; per-file origin not independently verified,reference only; manual history audit required
1,https://github.com/BlackBoxing/BlackBox,a0a330732c51dd9476c618ede31ec7d4a168a5d5,android-mirror/src/main/java/black/com/android/internal/appwidget/IAppWidgetService.java,e83ace59f84c7af1691020e694d0eca9b0556b546acc665450852fda1e7a76a0,521,false,none-detected,BlackBox aggregate tree at pinned commit,root Apache-2.0 declaration exists; per-file origin not independently verified,reference only; manual history audit required
1,https://github.com/BlackBoxing/BlackBox,a0a330732c51dd9476c618ede31ec7d4a168a5d5,android-mirror/src/main/java/black/com/android/internal/content/NativeLibraryHelper.java,1c3b70f2d09a823da5550dc22a83782c2154461fcf2b3c4c6faddb58babbeea4,879,false,none-detected,BlackBox aggregate tree at pinned commit,root Apache-2.0 declaration exists; per-file origin not independently verified,reference only; manual history audit required
1,https://github.com/BlackBoxing/BlackBox,a0a330732c51dd9476c618ede31ec7d4a168a5d5,android-mirror/src/main/java/black/com/android/internal/content/ReferrerIntent.java,ca9d91f22251902ee31075069bf45d573ca16dbab3b7fd8fe65434fe03eacfd7,374,false,none-detected,BlackBox aggregate tree at pinned commit,root Apache-2.0 declaration exists; per-file origin not independently verified,reference only; manual history audit required
1,https://github.com/BlackBoxing/BlackBox,a0a330732c51dd9476c618ede31ec7d4a168a5d5,android-mirror/src/main/java/black/com/android/internal/net/VpnConfig.java,57317858c6933afc636045e0c7a2c4bde67f265c89e09d7034027118f59c8822,469,false,none-detected,BlackBox aggregate tree at pinned commit,root Apache-2.0 declaration exists; per-file origin not independently verified,reference only; manual history audit required
1,https://github.com/BlackBoxing/BlackBox,a0a330732c51dd9476c618ede31ec7d4a168a5d5,android-mirror/src/main/java/black/com/android/internal/os/IDropBoxManagerService.java,83f016570017bebe799ba84b5dd7192bfa07bd8eb656d4278f1db93dba7fd56e,515,false,none-detected,BlackBox aggregate tree at pinned commit,root Apache-2.0 declaration exists; per-file origin not independently verified,reference only; manual history audit required
1,https://github.com/BlackBoxing/BlackBox,a0a330732c51dd9476c618ede31ec7d4a168a5d5,android-mirror/src/main/java/black/com/android/internal/os/IVibratorService.java,8eb344c4f2b1d8650cc8216d896422e9045749b6b9a78c251529c68cffe71c4e,471,false,none-detected,BlackBox aggregate tree at pinned commit,root Apache-2.0 declaration exists; per-file origin not independently verified,reference only; manual history audit required
1,https://github.com/BlackBoxing/BlackBox,a0a330732c51dd9476c618ede31ec7d4a168a5d5,android-mirror/src/main/java/black/com/android/internal/os/UserManager.java,f4c9024e6baed7b2898d196f386f078a89ad71c3dc18b8ab213035cfbad8d51d,457,false,none-detected,BlackBox aggregate tree at pinned commit,root Apache-2.0 declaration exists; per-file origin not independently verified,reference only; manual history audit required
1,https://github.com/BlackBoxing/BlackBox,a0a330732c51dd9476c618ede31ec7d4a168a5d5,android-mirror/src/main/java/black/com/android/internal/policy/PhoneWindow.java,5200ee3fb801ffb2275b14f8a45f18b56fe7cd850a130e66c8ee09603d26b915,369,false,none-detected,BlackBox aggregate tree at pinned commit,root Apache-2.0 declaration exists; per-file origin not independently verified,reference only; manual history audit required
1,https://github.com/BlackBoxing/BlackBox,a0a330732c51dd9476c618ede31ec7d4a168a5d5,android-mirror/src/main/java/black/com/android/internal/telecom/ITelecomService.java,5545670de3d50542cb86f67c4e77e24d276f94df8920bd25819176c5f3b0c339,509,false,none-detected,BlackBox aggregate tree at pinned commit,root Apache-2.0 declaration exists; per-file origin not independently verified,reference only; manual history audit required
1,https://github.com/BlackBoxing/BlackBox,a0a330732c51dd9476c618ede31ec7d4a168a5d5,android-mirror/src/main/java/black/com/android/internal/telephony/IMms.java,cae0b2a3c9a25f5147b4070ed3221f0cdeb187c4971ffb7aa1826832cd32b09f,482,false,none-detected,BlackBox aggregate tree at pinned commit,root Apache-2.0 declaration exists; per-file origin not independently verified,reference only; manual history audit required
1,https://github.com/BlackBoxing/BlackBox,a0a330732c51dd9476c618ede31ec7d4a168a5d5,android-mirror/src/main/java/black/com/android/internal/telephony/IPhoneSubInfo.java,1e94c453571512888da73550a893f2768c177c1d7ac689b6a22cf62de912c1f6,509,false,none-detected,BlackBox aggregate tree at pinned commit,root Apache-2.0 declaration exists; per-file origin not independently verified,reference only; manual history audit required
1,https://github.com/BlackBoxing/BlackBox,a0a330732c51dd9476c618ede31ec7d4a168a5d5,android-mirror/src/main/java/black/com/android/internal/telephony/ISms.java,fd022097d54160206f816c227f5eb4c20374237d571c1f40eec4714e1e43cf1a,482,false,none-detected,BlackBox aggregate tree at pinned commit,root Apache-2.0 declaration exists; per-file origin not independently verified,reference only; manual history audit required
1,https://github.com/BlackBoxing/BlackBox,a0a330732c51dd9476c618ede31ec7d4a168a5d5,android-mirror/src/main/java/black/com/android/internal/telephony/ISub.java,f6cbe13a32f3676566f7e102b1005cdc6c1041a5e7ab0a94c827a24462d8f111,482,false,none-detected,BlackBox aggregate tree at pinned commit,root Apache-2.0 declaration exists; per-file origin not independently verified,reference only; manual history audit required
1,https://github.com/BlackBoxing/BlackBox,a0a330732c51dd9476c618ede31ec7d4a168a5d5,android-mirror/src/main/java/black/com/android/internal/telephony/ITelephony.java,30519d939a55ea2d3bf577745b3b39098c0f3c669e2fd9fa1cd2bc55b5ae8589,500,false,none-detected,BlackBox aggregate tree at pinned commit,root Apache-2.0 declaration exists; per-file origin not independently verified,reference only; manual history audit required
1,https://github.com/BlackBoxing/BlackBox,a0a330732c51dd9476c618ede31ec7d4a168a5d5,android-mirror/src/main/java/black/com/android/internal/telephony/ITelephonyRegistry.java,9b952f5c3c03d84a69806ddf0443cf435a57b9894104eb963cb259d65c8fb226,524,false,none-detected,BlackBox aggregate tree at pinned commit,root Apache-2.0 declaration exists; per-file origin not independently verified,reference only; manual history audit required
1,https://github.com/BlackBoxing/BlackBox,a0a330732c51dd9476c618ede31ec7d4a168a5d5,android-mirror/src/main/java/black/com/android/internal/telephony/PhoneConstantsMtk.java,adee1b180db00cc00d46104065a889c9018c9805f64ccfcb86e2b1d246379764,326,false,none-detected,BlackBox aggregate tree at pinned commit,root Apache-2.0 declaration exists; per-file origin not independently verified,reference only; manual history audit required
1,https://github.com/BlackBoxing/BlackBox,a0a330732c51dd9476c618ede31ec7d4a168a5d5,android-mirror/src/main/java/black/com/android/internal/view/IInputMethodManager.java,ad50d80c14ea935f9396ee7dfed7c6d150d66b50b39bd590936d64aaf3e9bf7d,214,false,none-detected,BlackBox aggregate tree at pinned commit,root Apache-2.0 declaration exists; per-file origin not independently verified,reference only; manual history audit required
1,https://github.com/BlackBoxing/BlackBox,a0a330732c51dd9476c618ede31ec7d4a168a5d5,android-mirror/src/main/java/black/com/android/internal/view/inputmethod/InputMethodManager.java,d886be504a1dc37445d789e8961411f70329ead3937bcd6647ecf79fe5fb1b98,352,false,none-detected,BlackBox aggregate tree at pinned commit,root Apache-2.0 declaration exists; per-file origin not independently verified,reference only; manual history audit required
1,https://github.com/BlackBoxing/BlackBox,a0a330732c51dd9476c618ede31ec7d4a168a5d5,android-mirror/src/main/java/black/dalvik/system/VMRuntime.java,d3e63de993f0b6eb9fd2c886e0607cae37dbff035fbc25efd4e289ec8354a126,609,false,none-detected,BlackBox aggregate tree at pinned commit,root Apache-2.0 declaration exists; per-file origin not independently verified,reference only; manual history audit required
1,https://github.com/BlackBoxing/BlackBox,a0a330732c51dd9476c618ede31ec7d4a168a5d5,android-mirror/src/main/java/black/java/io/File.java,6648db4dedac41a160d7d08aef216d73e196d6ff2ce3596275e34dbb99174a70,248,false,none-detected,BlackBox aggregate tree at pinned commit,root Apache-2.0 declaration exists; per-file origin not independently verified,reference only; manual history audit required
1,https://github.com/BlackBoxing/BlackBox,a0a330732c51dd9476c618ede31ec7d4a168a5d5,android-mirror/src/main/java/black/java/io/FileSystem.java,1e74a64714c63fb8d1dad5aaba00ae2440e57a7dcc222000516c6107ad9e9e6f,160,false,none-detected,BlackBox aggregate tree at pinned commit,root Apache-2.0 declaration exists; per-file origin not independently verified,reference only; manual history audit required
1,https://github.com/BlackBoxing/BlackBox,a0a330732c51dd9476c618ede31ec7d4a168a5d5,android-mirror/src/main/java/black/java/io/UnixFileSystem.java,a5155885171200d6c1046d79c6069f9087465f7bd17761a780aa2cbc10a3edf1,168,false,none-detected,BlackBox aggregate tree at pinned commit,root Apache-2.0 declaration exists; per-file origin not independently verified,reference only; manual history audit required
1,https://github.com/BlackBoxing/BlackBox,a0a330732c51dd9476c618ede31ec7d4a168a5d5,android-mirror/src/main/java/black/java/lang/ThreadGroup.java,609385c5197ec0ae03d5a0220899ee09e463ecc61eaae07846fa712022c46a14,355,false,none-detected,BlackBox aggregate tree at pinned commit,root Apache-2.0 declaration exists; per-file origin not independently verified,reference only; manual history audit required
1,https://github.com/BlackBoxing/BlackBox,a0a330732c51dd9476c618ede31ec7d4a168a5d5,android-mirror/src/main/java/black/java/lang/ThreadGroupN.java,25db70ce6ba0d211d7e9e702e76d4cdef629786a48b36170097f281973b124cf,367,false,none-detected,BlackBox aggregate tree at pinned commit,root Apache-2.0 declaration exists; per-file origin not independently verified,reference only; manual history audit required
1,https://github.com/BlackBoxing/BlackBox,a0a330732c51dd9476c618ede31ec7d4a168a5d5,android-mirror/src/main/java/black/libcore/io/ForwardingOs.java,fa104c6bcaf2d56e73220339196aeac84c474780d54048838a7adcf97b072c28,258,false,none-detected,BlackBox aggregate tree at pinned commit,root Apache-2.0 declaration exists; per-file origin not independently verified,reference only; manual history audit required
1,https://github.com/BlackBoxing/BlackBox,a0a330732c51dd9476c618ede31ec7d4a168a5d5,android-mirror/src/main/java/black/libcore/io/Libcore.java,36e02d6d4e4d08660df92cd9937c65345cd75830c28c7c74fb8dd4d5b7625685,260,false,none-detected,BlackBox aggregate tree at pinned commit,root Apache-2.0 declaration exists; per-file origin not independently verified,reference only; manual history audit required
1,https://github.com/BlackBoxing/BlackBox,a0a330732c51dd9476c618ede31ec7d4a168a5d5,android-mirror/src/main/java/black/libcore/io/Os.java,23ee568196c5c335d85082dc5111c1cf38c942a845fcd82cfa9efb7c6d38b52e,150,false,none-detected,BlackBox aggregate tree at pinned commit,root Apache-2.0 declaration exists; per-file origin not independently verified,reference only; manual history audit required
1,https://github.com/BlackBoxing/BlackBox,a0a330732c51dd9476c618ede31ec7d4a168a5d5,android-mirror/src/test/java/top/niunaijun/android_mirror/ExampleUnitTest.java,cc65e2ded49b20753919721a7ccc48c2917f2584e61c146accd85d3862d3abb1,405,false,none-detected,BlackBox aggregate tree at pinned commit,root Apache-2.0 declaration exists; per-file origin not independently verified,reference only; manual history audit required
1,https://github.com/BlackBoxing/BlackBox,a0a330732c51dd9476c618ede31ec7d4a168a5d5,app/.gitignore,5c3174b74edc6f2b9e0743594b8bd3c7f31e4f4405758cc9872b3fe1de1d28b4,6,false,none-detected,BlackBox aggregate tree at pinned commit,root Apache-2.0 declaration exists; per-file origin not independently verified,reference only; manual history audit required
1,https://github.com/BlackBoxing/BlackBox,a0a330732c51dd9476c618ede31ec7d4a168a5d5,app/build.gradle,58f1cc12b2845fc7faa29ce92bba860fae378aed2b96eb1f583512ab22f5830c,5380,false,none-detected,BlackBox aggregate tree at pinned commit,root Apache-2.0 declaration exists; per-file origin not independently verified,reference only; manual history audit required
1,https://github.com/BlackBoxing/BlackBox,a0a330732c51dd9476c618ede31ec7d4a168a5d5,app/proguard-rules.pro,48c84bd2ac064ce2665b62a6e7c0e87f3b4fe259708a76e16625c2b43e1bc078,770,false,none-detected,BlackBox aggregate tree at pinned commit,root Apache-2.0 declaration exists; per-file origin not independently verified,reference only; manual history audit required
1,https://github.com/BlackBoxing/BlackBox,a0a330732c51dd9476c618ede31ec7d4a168a5d5,app/src/main/AndroidManifest.xml,83f04697bf3d8206f115d53d8103d09b1f0341461d65052b67e43f0d000cc744,1953,false,none-detected,BlackBox aggregate tree at pinned commit,root Apache-2.0 declaration exists; per-file origin not independently verified,reference only; manual history audit required
1,https://github.com/BlackBoxing/BlackBox,a0a330732c51dd9476c618ede31ec7d4a168a5d5,app/src/main/java/top/niunaijun/blackboxa/app/App.kt,e7e2fe547eb30ef1138f9195ada62b3013f5d88337b575c488060ef01166b4f6,791,false,none-detected,BlackBox aggregate tree at pinned commit,root Apache-2.0 declaration exists; per-file origin not independently verified,reference only; manual history audit required
1,https://github.com/BlackBoxing/BlackBox,a0a330732c51dd9476c618ede31ec7d4a168a5d5,app/src/main/java/top/niunaijun/blackboxa/app/AppManager.kt,52db2d04040c9ca38b2895e6586015747cb5ef42d8dc8687f0e9d26b57948e37,996,false,none-detected,BlackBox aggregate tree at pinned commit,root Apache-2.0 declaration exists; per-file origin not independently verified,reference only; manual history audit required
1,https://github.com/BlackBoxing/BlackBox,a0a330732c51dd9476c618ede31ec7d4a168a5d5,app/src/main/java/top/niunaijun/blackboxa/app/rocker/BaseActivityLifecycleCallback.kt,c46fb483935cf7c0587a16012a3fed432a43afd500db958c8528ce0ca17939ec,832,false,none-detected,BlackBox aggregate tree at pinned commit,root Apache-2.0 declaration exists; per-file origin not independently verified,reference only; manual history audit required
1,https://github.com/BlackBoxing/BlackBox,a0a330732c51dd9476c618ede31ec7d4a168a5d5,app/src/main/java/top/niunaijun/blackboxa/app/rocker/RockerManager.kt,c5c6bae028b36f8d062048d747bd102bad91adea9edc1cec43484efc18b8986d,3046,false,none-detected,BlackBox aggregate tree at pinned commit,root Apache-2.0 declaration exists; per-file origin not independently verified,reference only; manual history audit required
1,https://github.com/BlackBoxing/BlackBox,a0a330732c51dd9476c618ede31ec7d4a168a5d5,app/src/main/java/top/niunaijun/blackboxa/bean/AppInfo.kt,8e7957bf88f2bc31ec41f7423e239f9af9dd53387e6576d49c4bc1b98f227ace,294,false,none-detected,BlackBox aggregate tree at pinned commit,root Apache-2.0 declaration exists; per-file origin not independently verified,reference only; manual history audit required
1,https://github.com/BlackBoxing/BlackBox,a0a330732c51dd9476c618ede31ec7d4a168a5d5,app/src/main/java/top/niunaijun/blackboxa/bean/FakeLocationBean.kt,280d387e11aef019bdc3f153679d02e8a7636855bab402431fc2ba4e124d051a,440,false,none-detected,BlackBox aggregate tree at pinned commit,root Apache-2.0 declaration exists; per-file origin not independently verified,reference only; manual history audit required
1,https://github.com/BlackBoxing/BlackBox,a0a330732c51dd9476c618ede31ec7d4a168a5d5,app/src/main/java/top/niunaijun/blackboxa/bean/GmsBean.kt,0a75d991bc150cfb912ed5d87503e4c99c6ffc8ce3b1dffd7be32a4d4626d001,290,false,none-detected,BlackBox aggregate tree at pinned commit,root Apache-2.0 declaration exists; per-file origin not independently verified,reference only; manual history audit required
1,https://github.com/BlackBoxing/BlackBox,a0a330732c51dd9476c618ede31ec7d4a168a5d5,app/src/main/java/top/niunaijun/blackboxa/bean/InstalledAppBean.kt,7fbb60fb1676a501f5b09912bd30efe082590355faae2b3391c0018e7b2df91d,308,false,none-detected,BlackBox aggregate tree at pinned commit,root Apache-2.0 declaration exists; per-file origin not independently verified,reference only; manual history audit required
1,https://github.com/BlackBoxing/BlackBox,a0a330732c51dd9476c618ede31ec7d4a168a5d5,app/src/main/java/top/niunaijun/blackboxa/bean/XpModuleInfo.kt,86534484102a9144961d821c726896e8d0776a91c70facef118e69777be9abaa,377,false,none-detected,BlackBox aggregate tree at pinned commit,root Apache-2.0 declaration exists; per-file origin not independently verified,reference only; manual history audit required
1,https://github.com/BlackBoxing/BlackBox,a0a330732c51dd9476c618ede31ec7d4a168a5d5,app/src/main/java/top/niunaijun/blackboxa/biz/cache/AppSharedPreferenceDelegate.kt,f527d051e5f692d8b1fa34920341f7626e2b9b9ba5b93cb187ef69c1409d7900,2399,false,none-detected,BlackBox aggregate tree at pinned commit,root Apache-2.0 declaration exists; per-file origin not independently verified,reference only; manual history audit required
1,https://github.com/BlackBoxing/BlackBox,a0a330732c51dd9476c618ede31ec7d4a168a5d5,app/src/main/java/top/niunaijun/blackboxa/data/AppsRepository.kt,9a928eba91f7b8e43b2eca7ea155b48c7c60a5b277fc06a05e03c9b3e9ad64d1,8246,false,none-detected,BlackBox aggregate tree at pinned commit,root Apache-2.0 declaration exists; per-file origin not independently verified,reference only; manual history audit required
1,https://github.com/BlackBoxing/BlackBox,a0a330732c51dd9476c618ede31ec7d4a168a5d5,app/src/main/java/top/niunaijun/blackboxa/data/AppsSortCompon.kt,5178fc2e3997d2c96abf98158cfb7ff62cd910e189ec2c02239cdf3d4390ff83,584,false,none-detected,BlackBox aggregate tree at pinned commit,root Apache-2.0 declaration exists; per-file origin not independently verified,reference only; manual history audit required
1,https://github.com/BlackBoxing/BlackBox,a0a330732c51dd9476c618ede31ec7d4a168a5d5,app/src/main/java/top/niunaijun/blackboxa/data/FakeLocationRepository.kt,3a01c15775d046815cdff3dadbc13e5e7ee5813cb621832b41458ffae7ddc60b,2786,false,none-detected,BlackBox aggregate tree at pinned commit,root Apache-2.0 declaration exists; per-file origin not independently verified,reference only; manual history audit required
1,https://github.com/BlackBoxing/BlackBox,a0a330732c51dd9476c618ede31ec7d4a168a5d5,app/src/main/java/top/niunaijun/blackboxa/data/GmsRepository.kt,c390dc58c55433c0e90c121ceb7c6b11856770b62345007821ed109af6f428ba,2131,false,none-detected,BlackBox aggregate tree at pinned commit,root Apache-2.0 declaration exists; per-file origin not independently verified,reference only; manual history audit required
1,https://github.com/BlackBoxing/BlackBox,a0a330732c51dd9476c618ede31ec7d4a168a5d5,app/src/main/java/top/niunaijun/blackboxa/data/XpRepository.kt,315d6d7a3f54f9776a8ffee3a14fcdff13afe6b960e0d00dd3d29dd80f1d1b86,1972,false,none-detected,BlackBox aggregate tree at pinned commit,root Apache-2.0 declaration exists; per-file origin not independently verified,reference only; manual history audit required
1,https://github.com/BlackBoxing/BlackBox,a0a330732c51dd9476c618ede31ec7d4a168a5d5,app/src/main/java/top/niunaijun/blackboxa/util/ContextUtil.kt,78bb40c0a13ad8d8fe1410a0a9555b5bc0b9ce3206f6f52e724d44329fbf23ae,563,false,none-detected,BlackBox aggregate tree at pinned commit,root Apache-2.0 declaration exists; per-file origin not independently verified,reference only; manual history audit required
1,https://github.com/BlackBoxing/BlackBox,a0a330732c51dd9476c618ede31ec7d4a168a5d5,app/src/main/java/top/niunaijun/blackboxa/util/InjectionUtil.kt,cd16fa3f63bb13bae8bedfadad538d0d13678cf6919c4b90435545f51d90359b,1348,false,none-detected,BlackBox aggregate tree at pinned commit,root Apache-2.0 declaration exists; per-file origin not independently verified,reference only; manual history audit required
1,https://github.com/BlackBoxing/BlackBox,a0a330732c51dd9476c618ede31ec7d4a168a5d5,app/src/main/java/top/niunaijun/blackboxa/util/MathUtil.java,92c143b3445c0548d65e99344a37a548f3c32b5cea2729560c9d0fbfc59d542e,2123,false,none-detected,BlackBox aggregate tree at pinned commit,root Apache-2.0 declaration exists; per-file origin not independently verified,reference only; manual history audit required
1,https://github.com/BlackBoxing/BlackBox,a0a330732c51dd9476c618ede31ec7d4a168a5d5,app/src/main/java/top/niunaijun/blackboxa/util/ResUtil.kt,2ead78cb29b20e4a5036abea9545241b4f3a39af9596f254c180e2f4db35fb99,313,false,none-detected,BlackBox aggregate tree at pinned commit,root Apache-2.0 declaration exists; per-file origin not independently verified,reference only; manual history audit required
1,https://github.com/BlackBoxing/BlackBox,a0a330732c51dd9476c618ede31ec7d4a168a5d5,app/src/main/java/top/niunaijun/blackboxa/util/Resolution.kt,fa7f6bef51b512c10d776c9f8ca4fd9bf4a6cea42edcd51fc4a113dbd6b7e1fb,10779,false,none-detected,BlackBox aggregate tree at pinned commit,root Apache-2.0 declaration exists; per-file origin not independently verified,reference only; manual history audit required
1,https://github.com/BlackBoxing/BlackBox,a0a330732c51dd9476c618ede31ec7d4a168a5d5,app/src/main/java/top/niunaijun/blackboxa/util/ShortcutUtil.kt,f78e25a698b00440b2c044e4b094ad0d4787ec3d22a8920db32ace7f4645ea8e,3083,false,none-detected,BlackBox aggregate tree at pinned commit,root Apache-2.0 declaration exists; per-file origin not independently verified,reference only; manual history audit required
1,https://github.com/BlackBoxing/BlackBox,a0a330732c51dd9476c618ede31ec7d4a168a5d5,app/src/main/java/top/niunaijun/blackboxa/util/ToastEx.kt,993346c2f90f120485ea4d28e3d51770a71f953215a9374d9a33a7b62a78d28a,572,false,none-detected,BlackBox aggregate tree at pinned commit,root Apache-2.0 declaration exists; per-file origin not independently verified,reference only; manual history audit required
1,https://github.com/BlackBoxing/BlackBox,a0a330732c51dd9476c618ede31ec7d4a168a5d5,app/src/main/java/top/niunaijun/blackboxa/util/ViewBindingEx.kt,5cf764c0e329a18f935b8d7937d4d604ae956a84fd0e560e93e22d749bab8605,1321,false,none-detected,BlackBox aggregate tree at pinned commit,root Apache-2.0 declaration exists; per-file origin not independently verified,reference only; manual history audit required
1,https://github.com/BlackBoxing/BlackBox,a0a330732c51dd9476c618ede31ec7d4a168a5d5,app/src/main/java/top/niunaijun/blackboxa/view/apps/AppsAdapter.kt,55e41b59b43520acffb2532fe458f502328e00164794893a77a4baa6fdc3538c,1166,false,none-detected,BlackBox aggregate tree at pinned commit,root Apache-2.0 declaration exists; per-file origin not independently verified,reference only; manual history audit required
1,https://github.com/BlackBoxing/BlackBox,a0a330732c51dd9476c618ede31ec7d4a168a5d5,app/src/main/java/top/niunaijun/blackboxa/view/apps/AppsFactory.kt,dbcf92e0eb375197e5b55ab4b922ead37176dd859e554d39cd15a8350a064b19,535,false,none-detected,BlackBox aggregate tree at pinned commit,root Apache-2.0 declaration exists; per-file origin not independently verified,reference only; manual history audit required
1,https://github.com/BlackBoxing/BlackBox,a0a330732c51dd9476c618ede31ec7d4a168a5d5,app/src/main/java/top/niunaijun/blackboxa/view/apps/AppsFragment.kt,5824dd9f9d1e2745d237ee07f2d68feb3a31b514b56ffbaf026c37bf4a30f758,11104,false,none-detected,BlackBox aggregate tree at pinned commit,root Apache-2.0 declaration exists; per-file origin not independently verified,reference only; manual history audit required
1,https://github.com/BlackBoxing/BlackBox,a0a330732c51dd9476c618ede31ec7d4a168a5d5,app/src/main/java/top/niunaijun/blackboxa/view/apps/AppsTouchCallBack.kt,43fd3b9752bb53ae76af663eb5978234c8a6cd25281971db78d628c974d93e93,1002,false,none-detected,BlackBox aggregate tree at pinned commit,root Apache-2.0 declaration exists; per-file origin not independently verified,reference only; manual history audit required
1,https://github.com/BlackBoxing/BlackBox,a0a330732c51dd9476c618ede31ec7d4a168a5d5,app/src/main/java/top/niunaijun/blackboxa/view/apps/AppsViewModel.kt,68164ca034acab03f7abc04495fef7a0198017c979f0667088c7d80c820b0b1b,1643,false,none-detected,BlackBox aggregate tree at pinned commit,root Apache-2.0 declaration exists; per-file origin not independently verified,reference only; manual history audit required
1,https://github.com/BlackBoxing/BlackBox,a0a330732c51dd9476c618ede31ec7d4a168a5d5,app/src/main/java/top/niunaijun/blackboxa/view/base/BaseActivity.kt,a17001ac1a8ba702322a7f5b99de9902896229c2daea24c1567a391c2660739f,928,false,none-detected,BlackBox aggregate tree at pinned commit,root Apache-2.0 declaration exists; per-file origin not independently verified,reference only; manual history audit required
1,https://github.com/BlackBoxing/BlackBox,a0a330732c51dd9476c618ede31ec7d4a168a5d5,app/src/main/java/top/niunaijun/blackboxa/view/base/BaseViewModel.kt,34f3aef469e8341dc35cc770bb77c74eb4d37ab19b75f5d9860cdb1e13d432e3,723,false,none-detected,BlackBox aggregate tree at pinned commit,root Apache-2.0 declaration exists; per-file origin not independently verified,reference only; manual history audit required
1,https://github.com/BlackBoxing/BlackBox,a0a330732c51dd9476c618ede31ec7d4a168a5d5,app/src/main/java/top/niunaijun/blackboxa/view/base/LoadingActivity.kt,7eaaf6933c949dc2cf60b1525e0878dfa9f2c94a77ff9059f9522ee9b3beb1cd,1199,false,none-detected,BlackBox aggregate tree at pinned commit,root Apache-2.0 declaration exists; per-file origin not independently verified,reference only; manual history audit required
1,https://github.com/BlackBoxing/BlackBox,a0a330732c51dd9476c618ede31ec7d4a168a5d5,app/src/main/java/top/niunaijun/blackboxa/view/fake/FakeLocationAdapter.kt,6eaa47a747e1437c38239045acdea16a561c6126d1820b6fc7c1c348f07ca0af,1566,false,none-detected,BlackBox aggregate tree at pinned commit,root Apache-2.0 declaration exists; per-file origin not independently verified,reference only; manual history audit required
1,https://github.com/BlackBoxing/BlackBox,a0a330732c51dd9476c618ede31ec7d4a168a5d5,app/src/main/java/top/niunaijun/blackboxa/view/fake/FakeLocationFactory.kt,b18e5f69ec73db249100c677b903edd55cf889dd5cd56a4d678e139a4f150910,500,false,none-detected,BlackBox aggregate tree at pinned commit,root Apache-2.0 declaration exists; per-file origin not independently verified,reference only; manual history audit required
1,https://github.com/BlackBoxing/BlackBox,a0a330732c51dd9476c618ede31ec7d4a168a5d5,app/src/main/java/top/niunaijun/blackboxa/view/fake/FakeLocationViewModel.kt,b8518f938a5207963697ab34a0660ce1505940afa5da4eb93488972d5786d0dd,1015,false,none-detected,BlackBox aggregate tree at pinned commit,root Apache-2.0 declaration exists; per-file origin not independently verified,reference only; manual history audit required
1,https://github.com/BlackBoxing/BlackBox,a0a330732c51dd9476c618ede31ec7d4a168a5d5,app/src/main/java/top/niunaijun/blackboxa/view/fake/FakeManagerActivity.kt,1980b1b420c701e84b6befe8c1f70f7e0f950bcb6cc452a6a08c0bd3c4077f0f,6557,false,none-detected,BlackBox aggregate tree at pinned commit,root Apache-2.0 declaration exists; per-file origin not independently verified,reference only; manual history audit required
1,https://github.com/BlackBoxing/BlackBox,a0a330732c51dd9476c618ede31ec7d4a168a5d5,app/src/main/java/top/niunaijun/blackboxa/view/fake/FollowMyLocationOverlay.kt,19cc702546c8fc4fe2d0bb1a2f0d4fd0e5d7420bda3a22312e071d7c545c1ab8,5659,false,none-detected,BlackBox aggregate tree at pinned commit,root Apache-2.0 declaration exists; per-file origin not independently verified,reference only; manual history audit required
1,https://github.com/BlackBoxing/BlackBox,a0a330732c51dd9476c618ede31ec7d4a168a5d5,app/src/main/java/top/niunaijun/blackboxa/view/gms/GmsAdapter.kt,0434d17030dab2cf8d967cd62b3674812ea4f3aa63294296a9e3467cc1a0230b,1154,false,none-detected,BlackBox aggregate tree at pinned commit,root Apache-2.0 declaration exists; per-file origin not independently verified,reference only; manual history audit required
1,https://github.com/BlackBoxing/BlackBox,a0a330732c51dd9476c618ede31ec7d4a168a5d5,app/src/main/java/top/niunaijun/blackboxa/view/gms/GmsFactory.kt,c157c91ee921043349675141599856a6e5238524eca9f034fb0de5622176271c,476,false,none-detected,BlackBox aggregate tree at pinned commit,root Apache-2.0 declaration exists; per-file origin not independently verified,reference only; manual history audit required
1,https://github.com/BlackBoxing/BlackBox,a0a330732c51dd9476c618ede31ec7d4a168a5d5,app/src/main/java/top/niunaijun/blackboxa/view/gms/GmsManagerActivity.kt,b970fd02b4331e996864ae30715ae4fc55c58757962106d9a1e46e262ebf4aa2,4281,false,none-detected,BlackBox aggregate tree at pinned commit,root Apache-2.0 declaration exists; per-file origin not independently verified,reference only; manual history audit required
1,https://github.com/BlackBoxing/BlackBox,a0a330732c51dd9476c618ede31ec7d4a168a5d5,app/src/main/java/top/niunaijun/blackboxa/view/gms/GmsViewModel.kt,9560636bc3def48a2ba42b9df2fd0ddda85deff928ec390cffe400fb6d627b11,1020,false,none-detected,BlackBox aggregate tree at pinned commit,root Apache-2.0 declaration exists; per-file origin not independently verified,reference only; manual history audit required
1,https://github.com/BlackBoxing/BlackBox,a0a330732c51dd9476c618ede31ec7d4a168a5d5,app/src/main/java/top/niunaijun/blackboxa/view/list/ListActivity.kt,fb460a21fb2bf67741cf61670ba35f37f21a07e0b38bc3f8065ed8e023637ea3,5576,false,none-detected,BlackBox aggregate tree at pinned commit,root Apache-2.0 declaration exists; per-file origin not independently verified,reference only; manual history audit required
1,https://github.com/BlackBoxing/BlackBox,a0a330732c51dd9476c618ede31ec7d4a168a5d5,app/src/main/java/top/niunaijun/blackboxa/view/list/ListAdapter.kt,adf042d5d39956ae0c47eead2a9e33d8dd23703fb7b71fd15d59b90b46a7ea68,1222,false,none-detected,BlackBox aggregate tree at pinned commit,root Apache-2.0 declaration exists; per-file origin not independently verified,reference only; manual history audit required
1,https://github.com/BlackBoxing/BlackBox,a0a330732c51dd9476c618ede31ec7d4a168a5d5,app/src/main/java/top/niunaijun/blackboxa/view/list/ListFactory.kt,e55e045680e6947a9c010a1be33549d78deff03b7c1e0d76598a6269dddca09f,535,false,none-detected,BlackBox aggregate tree at pinned commit,root Apache-2.0 declaration exists; per-file origin not independently verified,reference only; manual history audit required
1,https://github.com/BlackBoxing/BlackBox,a0a330732c51dd9476c618ede31ec7d4a168a5d5,app/src/main/java/top/niunaijun/blackboxa/view/list/ListViewModel.kt,8bccad8f4cafbdc60198b1e953b004921551eb432dd9f07b07142491052db4a3,961,false,none-detected,BlackBox aggregate tree at pinned commit,root Apache-2.0 declaration exists; per-file origin not independently verified,reference only; manual history audit required
1,https://github.com/BlackBoxing/BlackBox,a0a330732c51dd9476c618ede31ec7d4a168a5d5,app/src/main/java/top/niunaijun/blackboxa/view/main/BlackBoxLoader.kt,e2213fabb1880ab9a773219716e984543fba158c7e44276b313fa0f21ca704bc,4130,false,none-detected,BlackBox aggregate tree at pinned commit,root Apache-2.0 declaration exists; per-file origin not independently verified,reference only; manual history audit required
1,https://github.com/BlackBoxing/BlackBox,a0a330732c51dd9476c618ede31ec7d4a168a5d5,app/src/main/java/top/niunaijun/blackboxa/view/main/MainActivity.kt,dbb48df6e928bb53f1ef07c388d15955a32b8eb0b7a1ed9f6cafa3e05342b5f9,6670,false,none-detected,BlackBox aggregate tree at pinned commit,root Apache-2.0 declaration exists; per-file origin not independently verified,reference only; manual history audit required
1,https://github.com/BlackBoxing/BlackBox,a0a330732c51dd9476c618ede31ec7d4a168a5d5,app/src/main/java/top/niunaijun/blackboxa/view/main/ShortcutActivity.kt,09de79fefa7b756ee8446af7127adc8459db0e9c4cf2727fed9c4bc4344f0b48,741,false,none-detected,BlackBox aggregate tree at pinned commit,root Apache-2.0 declaration exists; per-file origin not independently verified,reference only; manual history audit required
1,https://github.com/BlackBoxing/BlackBox,a0a330732c51dd9476c618ede31ec7d4a168a5d5,app/src/main/java/top/niunaijun/blackboxa/view/main/ViewPagerAdapter.kt,95fb19be9448af234aa5f3fedc327af30e98d7309174492b4eebf835d2b4296c,832,false,none-detected,BlackBox aggregate tree at pinned commit,root Apache-2.0 declaration exists; per-file origin not independently verified,reference only; manual history audit required
1,https://github.com/BlackBoxing/BlackBox,a0a330732c51dd9476c618ede31ec7d4a168a5d5,app/src/main/java/top/niunaijun/blackboxa/view/main/WelcomeActivity.kt,e847af441de1b3d104201e55b0ee1a0b18496d756ae98a3f38b1e037a3c44580,917,false,none-detected,BlackBox aggregate tree at pinned commit,root Apache-2.0 declaration exists; per-file origin not independently verified,reference only; manual history audit required
1,https://github.com/BlackBoxing/BlackBox,a0a330732c51dd9476c618ede31ec7d4a168a5d5,app/src/main/java/top/niunaijun/blackboxa/view/setting/SettingActivity.kt,5e71a1860a4c4ab4daf767a547ee8feae2751d1d15fb6d91296fbd0dc1ddae3b,1075,false,none-detected,BlackBox aggregate tree at pinned commit,root Apache-2.0 declaration exists; per-file origin not independently verified,reference only; manual history audit required
1,https://github.com/BlackBoxing/BlackBox,a0a330732c51dd9476c618ede31ec7d4a168a5d5,app/src/main/java/top/niunaijun/blackboxa/view/setting/SettingFragment.kt,552b8e28447b39ae49006c87247262ef4cc2aa48ccde6e128ddbb0de410f3f69,3612,false,none-detected,BlackBox aggregate tree at pinned commit,root Apache-2.0 declaration exists; per-file origin not independently verified,reference only; manual history audit required
1,https://github.com/BlackBoxing/BlackBox,a0a330732c51dd9476c618ede31ec7d4a168a5d5,app/src/main/java/top/niunaijun/blackboxa/view/xp/XpActivity.kt,bc70c29781c4ba0d9af52b16a8412c604a9eae5e4936b1ecab767f7113e7e386,4679,false,none-detected,BlackBox aggregate tree at pinned commit,root Apache-2.0 declaration exists; per-file origin not independently verified,reference only; manual history audit required
1,https://github.com/BlackBoxing/BlackBox,a0a330732c51dd9476c618ede31ec7d4a168a5d5,app/src/main/java/top/niunaijun/blackboxa/view/xp/XpAdapter.kt,0b80aa668747f4d49f164bf89df28ca089727631afd7ecd46eb10a01afb36852,1254,false,none-detected,BlackBox aggregate tree at pinned commit,root Apache-2.0 declaration exists; per-file origin not independently verified,reference only; manual history audit required
1,https://github.com/BlackBoxing/BlackBox,a0a330732c51dd9476c618ede31ec7d4a168a5d5,app/src/main/java/top/niunaijun/blackboxa/view/xp/XpFactory.kt,7390eb971c7a1556488e448e6d232f3580429d5d20545743fbe23d1ea535ef60,500,false,none-detected,BlackBox aggregate tree at pinned commit,root Apache-2.0 declaration exists; per-file origin not independently verified,reference only; manual history audit required
1,https://github.com/BlackBoxing/BlackBox,a0a330732c51dd9476c618ede31ec7d4a168a5d5,app/src/main/java/top/niunaijun/blackboxa/view/xp/XpViewModel.kt,7ed18a56c6609499f73db6b4cfe577080609ac4a5003651b07d2ee890d492e2e,933,false,none-detected,BlackBox aggregate tree at pinned commit,root Apache-2.0 declaration exists; per-file origin not independently verified,reference only; manual history audit required
1,https://github.com/BlackBoxing/BlackBox,a0a330732c51dd9476c618ede31ec7d4a168a5d5,app/src/main/java/top/niunaijun/blackboxa/widget/EnFloatView.kt,a442a32fc934291dc327dc418afb184b29838d38087c220ae7194e250914b100,1621,false,none-detected,BlackBox aggregate tree at pinned commit,root Apache-2.0 declaration exists; per-file origin not independently verified,reference only; manual history audit required
1,https://github.com/BlackBoxing/BlackBox,a0a330732c51dd9476c618ede31ec7d4a168a5d5,app/src/main/java/top/niunaijun/blackboxa/widget/RockerView.java,6fb10959b5249f89fc0b434e389f268af97c0bcd3253e4daf349022226f43ffb,15062,false,copyright-text,GcsSloop,copyright present; license unresolved in file,exclude from import
1,https://github.com/BlackBoxing/BlackBox,a0a330732c51dd9476c618ede31ec7d4a168a5d5,app/src/main/res/drawable-anydpi/ic_add.xml,7fc78f5b7ee28a77f98c734f5b27ffc4a0e8a188b97a5e13700bea907755c957,372,false,none-detected,BlackBox aggregate tree at pinned commit,root Apache-2.0 declaration exists; per-file origin not independently verified,reference only; manual history audit required
1,https://github.com/BlackBoxing/BlackBox,a0a330732c51dd9476c618ede31ec7d4a168a5d5,app/src/main/res/drawable-anydpi/ic_location_change.xml,dd390a7a1611f74f565163b6a522da928c393a274e73932573779fed2c8af2b3,583,false,none-detected,BlackBox aggregate tree at pinned commit,root Apache-2.0 declaration exists; per-file origin not independently verified,reference only; manual history audit required
1,https://github.com/BlackBoxing/BlackBox,a0a330732c51dd9476c618ede31ec7d4a168a5d5,app/src/main/res/drawable-anydpi/ic_search.xml,d7e946c14c846a59d89fe0d4b231e90dea1f2391c3c9e19188a2456f2acd8086,585,false,none-detected,BlackBox aggregate tree at pinned commit,root Apache-2.0 declaration exists; per-file origin not independently verified,reference only; manual history audit required
1,https://github.com/BlackBoxing/BlackBox,a0a330732c51dd9476c618ede31ec7d4a168a5d5,app/src/main/res/drawable-hdpi/ic_add.png,2fa73b6921bce6e8d0122744e4c85b3092ce26dee461992aca3c654cddba5baf,148,true,none-detected,binary asset from pinned aggregate tree,per-file origin/license unresolved,exclude unless separately audited
1,https://github.com/BlackBoxing/BlackBox,a0a330732c51dd9476c618ede31ec7d4a168a5d5,app/src/main/res/drawable-hdpi/ic_location_change.png,f842d34fdf3ae56f0bb97261080116347c2f4c146ef34547f6a55b1af57118b0,500,true,none-detected,binary asset from pinned aggregate tree,per-file origin/license unresolved,exclude unless separately audited
1,https://github.com/BlackBoxing/BlackBox,a0a330732c51dd9476c618ede31ec7d4a168a5d5,app/src/main/res/drawable-hdpi/ic_search.png,4d83b33839dbc9f2c7d7806ee78b2f43591d5c986f1b3b5e7e5d97f69a3f5b59,347,true,none-detected,binary asset from pinned aggregate tree,per-file origin/license unresolved,exclude unless separately audited
1,https://github.com/BlackBoxing/BlackBox,a0a330732c51dd9476c618ede31ec7d4a168a5d5,app/src/main/res/drawable-mdpi/ic_add.png,fd7363f74238113b593cc310209387f954c04e732654c7244427e5b40e726417,101,true,none-detected,binary asset from pinned aggregate tree,per-file origin/license unresolved,exclude unless separately audited
1,https://github.com/BlackBoxing/BlackBox,a0a330732c51dd9476c618ede31ec7d4a168a5d5,app/src/main/res/drawable-mdpi/ic_location_change.png,5f4ae03260b0b239559ce5ea02923a381b474c49775431b880019d444a108891,325,true,none-detected,binary asset from pinned aggregate tree,per-file origin/license unresolved,exclude unless separately audited
1,https://github.com/BlackBoxing/BlackBox,a0a330732c51dd9476c618ede31ec7d4a168a5d5,app/src/main/res/drawable-mdpi/ic_search.png,d072a5906b1b470caee5bd25cf8b8bfbc28bb088adc2fbf1b3f5b50672afb57f,201,true,none-detected,binary asset from pinned aggregate tree,per-file origin/license unresolved,exclude unless separately audited
1,https://github.com/BlackBoxing/BlackBox,a0a330732c51dd9476c618ede31ec7d4a168a5d5,app/src/main/res/drawable-v24/ic_launcher_foreground.xml,91324dadb1d673cea61f453e70a354a8863c44a7a2e3fa86381928f53046c9b3,1807,false,none-detected,BlackBox aggregate tree at pinned commit,root Apache-2.0 declaration exists; per-file origin not independently verified,reference only; manual history audit required
1,https://github.com/BlackBoxing/BlackBox,a0a330732c51dd9476c618ede31ec7d4a168a5d5,app/src/main/res/drawable-xhdpi/ic_add.png,542f3059ea108f1b22ca72e2c3041316ae3261a476779ccffaa8b1ea65a492ef,127,true,none-detected,binary asset from pinned aggregate tree,per-file origin/license unresolved,exclude unless separately audited
1,https://github.com/BlackBoxing/BlackBox,a0a330732c51dd9476c618ede31ec7d4a168a5d5,app/src/main/res/drawable-xhdpi/ic_location_change.png,b474ca4af05869fd702dc8a8536bbcb7d37b9f074e12ae63617c740f0a089312,635,true,none-detected,binary asset from pinned aggregate tree,per-file origin/license unresolved,exclude unless separately audited
1,https://github.com/BlackBoxing/BlackBox,a0a330732c51dd9476c618ede31ec7d4a168a5d5,app/src/main/res/drawable-xhdpi/ic_search.png,3b46754ea7ada3627646af76c71e03a60267526b3b2c8692c2c48bd492a23475,368,true,none-detected,binary asset from pinned aggregate tree,per-file origin/license unresolved,exclude unless separately audited
1,https://github.com/BlackBoxing/BlackBox,a0a330732c51dd9476c618ede31ec7d4a168a5d5,app/src/main/res/drawable-xxhdpi/ic_add.png,fb599c081b9f65aeaeca57502ae9046dc256346c2ba95562cb2f057fba880d56,164,true,none-detected,binary asset from pinned aggregate tree,per-file origin/license unresolved,exclude unless separately audited
1,https://github.com/BlackBoxing/BlackBox,a0a330732c51dd9476c618ede31ec7d4a168a5d5,app/src/main/res/drawable-xxhdpi/ic_location_change.png,dfb238c796944f61878cfdaf654e6a3c9a7d5741765a60ff03540213f03a73e2,999,true,none-detected,binary asset from pinned aggregate tree,per-file origin/license unresolved,exclude unless separately audited
1,https://github.com/BlackBoxing/BlackBox,a0a330732c51dd9476c618ede31ec7d4a168a5d5,app/src/main/res/drawable-xxhdpi/ic_search.png,8a1abf4af4a4d7503c3f5b281b5e3bc16ec3411e94866e62f992cc873e84e6de,579,true,none-detected,binary asset from pinned aggregate tree,per-file origin/license unresolved,exclude unless separately audited
1,https://github.com/BlackBoxing/BlackBox,a0a330732c51dd9476c618ede31ec7d4a168a5d5,app/src/main/res/drawable/ic_empty.xml,56f556668911cb767fa194476605e5b1eed83b208deeba8d8d59fa9f508eb4be,11202,false,none-detected,BlackBox aggregate tree at pinned commit,root Apache-2.0 declaration exists; per-file origin not independently verified,reference only; manual history audit required
1,https://github.com/BlackBoxing/BlackBox,a0a330732c51dd9476c618ede31ec7d4a168a5d5,app/src/main/res/drawable/ic_launcher_background.xml,600613949bda9af0bb4924818c8ddd878ff1ac362dd3005d72799914e255e96a,6312,false,none-detected,BlackBox aggregate tree at pinned commit,root Apache-2.0 declaration exists; per-file origin not independently verified,reference only; manual history audit required
1,https://github.com/BlackBoxing/BlackBox,a0a330732c51dd9476c618ede31ec7d4a168a5d5,app/src/main/res/drawable/splash.xml,70d6ad0cdca43d6964192b74055bdfb2a920ac84230cfeb1edf3520da31635de,412,false,none-detected,BlackBox aggregate tree at pinned commit,root Apache-2.0 declaration exists; per-file origin not independently verified,reference only; manual history audit required
1,https://github.com/BlackBoxing/BlackBox,a0a330732c51dd9476c618ede31ec7d4a168a5d5,app/src/main/res/layout/activity_gms.xml,1f205bce9fd757ae6b0c2916259d355a599e17eee9ad079626ed954cae5d7c62,940,false,none-detected,BlackBox aggregate tree at pinned commit,root Apache-2.0 declaration exists; per-file origin not independently verified,reference only; manual history audit required
1,https://github.com/BlackBoxing/BlackBox,a0a330732c51dd9476c618ede31ec7d4a168a5d5,app/src/main/res/layout/activity_list.xml,746c4afc993bbef17b1f7d9d3fa99fa96bcf5fb3bdb892b032618f05ca67b641,1609,false,none-detected,BlackBox aggregate tree at pinned commit,root Apache-2.0 declaration exists; per-file origin not independently verified,reference only; manual history audit required
1,https://github.com/BlackBoxing/BlackBox,a0a330732c51dd9476c618ede31ec7d4a168a5d5,app/src/main/res/layout/activity_main.xml,785d04ac0b631b3c5bba7aaac3306fa3b81c570657d57b197dc46224be0be7f6,2716,false,none-detected,BlackBox aggregate tree at pinned commit,root Apache-2.0 declaration exists; per-file origin not independently verified,reference only; manual history audit required
1,https://github.com/BlackBoxing/BlackBox,a0a330732c51dd9476c618ede31ec7d4a168a5d5,app/src/main/res/layout/activity_osmdroid.xml,1a14d21ef8094685e7651fc2df2d7f552f1a6faba7f41c8f344adc2c92de2f3d,544,false,none-detected,BlackBox aggregate tree at pinned commit,root Apache-2.0 declaration exists; per-file origin not independently verified,reference only; manual history audit required
1,https://github.com/BlackBoxing/BlackBox,a0a330732c51dd9476c618ede31ec7d4a168a5d5,app/src/main/res/layout/activity_setting.xml,a91a24321b8ed651145b19565ddf32a610bf1ac18c4957c941107076ef5d9aaf,1045,false,none-detected,BlackBox aggregate tree at pinned commit,root Apache-2.0 declaration exists; per-file origin not independently verified,reference only; manual history audit required
1,https://github.com/BlackBoxing/BlackBox,a0a330732c51dd9476c618ede31ec7d4a168a5d5,app/src/main/res/layout/activity_xp.xml,b924a6a0cecd97e98528b792bd658883447d771f3acf03df4a462d986380306e,1383,false,none-detected,BlackBox aggregate tree at pinned commit,root Apache-2.0 declaration exists; per-file origin not independently verified,reference only; manual history audit required
1,https://github.com/BlackBoxing/BlackBox,a0a330732c51dd9476c618ede31ec7d4a168a5d5,app/src/main/res/layout/base_empty.xml,a2b3f4df3159bf3298022309286cf27bcce2567557a3c375b54f68b96f913032,685,false,none-detected,BlackBox aggregate tree at pinned commit,root Apache-2.0 declaration exists; per-file origin not independently verified,reference only; manual history audit required
1,https://github.com/BlackBoxing/BlackBox,a0a330732c51dd9476c618ede31ec7d4a168a5d5,app/src/main/res/layout/fragment_apps.xml,9b71ed0a785e5abae71d2488358accc70f07653ad5b5207627c92f0880659b76,680,false,none-detected,BlackBox aggregate tree at pinned commit,root Apache-2.0 declaration exists; per-file origin not independently verified,reference only; manual history audit required
1,https://github.com/BlackBoxing/BlackBox,a0a330732c51dd9476c618ede31ec7d4a168a5d5,app/src/main/res/layout/item_app.xml,c6cfebb383762d657337bf1146bda9301cace6156465ac84f8dd4f3cdd120f45,1521,false,none-detected,BlackBox aggregate tree at pinned commit,root Apache-2.0 declaration exists; per-file origin not independently verified,reference only; manual history audit required
1,https://github.com/BlackBoxing/BlackBox,a0a330732c51dd9476c618ede31ec7d4a168a5d5,app/src/main/res/layout/item_fake.xml,67829d26dd62bf78611e886e5791c12692d4f7c2e36981a2b742365dc0526e63,1745,false,none-detected,BlackBox aggregate tree at pinned commit,root Apache-2.0 declaration exists; per-file origin not independently verified,reference only; manual history audit required
1,https://github.com/BlackBoxing/BlackBox,a0a330732c51dd9476c618ede31ec7d4a168a5d5,app/src/main/res/layout/item_gms.xml,4ab0ef598646ae66314cbb514fa965e7ab78ca03d813ac4a0769a3b4053602d2,993,false,none-detected,BlackBox aggregate tree at pinned commit,root Apache-2.0 declaration exists; per-file origin not independently verified,reference only; manual history audit required
1,https://github.com/BlackBoxing/BlackBox,a0a330732c51dd9476c618ede31ec7d4a168a5d5,app/src/main/res/layout/item_package.xml,942564638c81f8776b99e96df74d21867c4d78a8d0fc28ff49976d5c1928c2df,1877,false,none-detected,BlackBox aggregate tree at pinned commit,root Apache-2.0 declaration exists; per-file origin not independently verified,reference only; manual history audit required
1,https://github.com/BlackBoxing/BlackBox,a0a330732c51dd9476c618ede31ec7d4a168a5d5,app/src/main/res/layout/item_viewpager.xml,88ce68785d621366f862b577490de51bc2531f478581e95825241f7000168b83,447,false,none-detected,BlackBox aggregate tree at pinned commit,root Apache-2.0 declaration exists; per-file origin not independently verified,reference only; manual history audit required
1,https://github.com/BlackBoxing/BlackBox,a0a330732c51dd9476c618ede31ec7d4a168a5d5,app/src/main/res/layout/item_xp.xml,c3a6eaae4b7ccf0859da2fcb2ed16384b39cc673e3635d191c6f6882c5114c15,2279,false,none-detected,BlackBox aggregate tree at pinned commit,root Apache-2.0 declaration exists; per-file origin not independently verified,reference only; manual history audit required
1,https://github.com/BlackBoxing/BlackBox,a0a330732c51dd9476c618ede31ec7d4a168a5d5,app/src/main/res/layout/view_float_rocker.xml,a1454ecd2447e24db0baa366d2e9de693f1c20ce70d3e513a51d739ff46dd07b,1055,false,none-detected,BlackBox aggregate tree at pinned commit,root Apache-2.0 declaration exists; per-file origin not independently verified,reference only; manual history audit required
1,https://github.com/BlackBoxing/BlackBox,a0a330732c51dd9476c618ede31ec7d4a168a5d5,app/src/main/res/layout/view_switch.xml,189207a0ab013ab5f6fcfcee4181f431049937727fcbc0adb2f70be48f599e6e,354,false,none-detected,BlackBox aggregate tree at pinned commit,root Apache-2.0 declaration exists; per-file origin not independently verified,reference only; manual history audit required
1,https://github.com/BlackBoxing/BlackBox,a0a330732c51dd9476c618ede31ec7d4a168a5d5,app/src/main/res/layout/view_toolbar.xml,890699ee977e17d61a84baccba9216850090e87ca7943c7d457ca1c53327cb67,621,false,none-detected,BlackBox aggregate tree at pinned commit,root Apache-2.0 declaration exists; per-file origin not independently verified,reference only; manual history audit required
1,https://github.com/BlackBoxing/BlackBox,a0a330732c51dd9476c618ede31ec7d4a168a5d5,app/src/main/res/menu/app_menu.xml,e84cc9e1e35ade1c2982c229b8b3f86e0ad1470143fd9e1dd8dfee4db21aff3a,499,false,none-detected,BlackBox aggregate tree at pinned commit,root Apache-2.0 declaration exists; per-file origin not independently verified,reference only; manual history audit required
1,https://github.com/BlackBoxing/BlackBox,a0a330732c51dd9476c618ede31ec7d4a168a5d5,app/src/main/res/menu/menu_list.xml,81eedce57fa9d5212d51773907a89ae6208397ef0a96a66007fc21275dca8318,520,false,none-detected,BlackBox aggregate tree at pinned commit,root Apache-2.0 declaration exists; per-file origin not independently verified,reference only; manual history audit required
1,https://github.com/BlackBoxing/BlackBox,a0a330732c51dd9476c618ede31ec7d4a168a5d5,app/src/main/res/menu/menu_main.xml,b91ef544b5bdbe12578cc44857e78faea572e6f9672bbb2b1dc948291e10dd3a,745,false,none-detected,BlackBox aggregate tree at pinned commit,root Apache-2.0 declaration exists; per-file origin not independently verified,reference only; manual history audit required
1,https://github.com/BlackBoxing/BlackBox,a0a330732c51dd9476c618ede31ec7d4a168a5d5,app/src/main/res/menu/menu_search.xml,8df84d11b85be9a18443704e85e657e42f90c73e6a14d04e43db1b2e6b2de85c,365,false,none-detected,BlackBox aggregate tree at pinned commit,root Apache-2.0 declaration exists; per-file origin not independently verified,reference only; manual history audit required
1,https://github.com/BlackBoxing/BlackBox,a0a330732c51dd9476c618ede31ec7d4a168a5d5,app/src/main/res/mipmap-hdpi/ic_launcher.png,049cfca23fe76f6a074e2a85dbb6a67c14e8f780fcb80bb1e992c8dd814e930c,3200,true,none-detected,binary asset from pinned aggregate tree,per-file origin/license unresolved,exclude unless separately audited
1,https://github.com/BlackBoxing/BlackBox,a0a330732c51dd9476c618ede31ec7d4a168a5d5,app/src/main/res/mipmap-hdpi/ic_launcher_beta.png,7d28b63ac63876f7dc5a86b0c6063551ecdb42659689637d95cce187aa758db2,3847,true,none-detected,binary asset from pinned aggregate tree,per-file origin/license unresolved,exclude unless separately audited
1,https://github.com/BlackBoxing/BlackBox,a0a330732c51dd9476c618ede31ec7d4a168a5d5,app/src/main/res/mipmap-hdpi/ic_launcher_round.png,a85ea463f64641040749e757a3b9f0f7df575cdab3d3e5bc329c25e6d18cf46e,3934,true,none-detected,binary asset from pinned aggregate tree,per-file origin/license unresolved,exclude unless separately audited
1,https://github.com/BlackBoxing/BlackBox,a0a330732c51dd9476c618ede31ec7d4a168a5d5,app/src/main/res/mipmap-hdpi/ic_launcher_round_beta.png,673de9dc0e06a76145efbf88e9d6564e1cc2cd65bd519b953d578638b25f2c11,4731,true,none-detected,binary asset from pinned aggregate tree,per-file origin/license unresolved,exclude unless separately audited
1,https://github.com/BlackBoxing/BlackBox,a0a330732c51dd9476c618ede31ec7d4a168a5d5,app/src/main/res/mipmap-ldpi/ic_launcher.png,ecffeedef601d40e25eabde8b313507bcadf66352e5476fe479fa7354856a765,1882,true,none-detected,binary asset from pinned aggregate tree,per-file origin/license unresolved,exclude unless separately audited
1,https://github.com/BlackBoxing/BlackBox,a0a330732c51dd9476c618ede31ec7d4a168a5d5,app/src/main/res/mipmap-ldpi/ic_launcher_beta.png,331c7266e19786dbf82154fa28917ab2d805cc9604e2789c2964202745a4b312,2179,true,none-detected,binary asset from pinned aggregate tree,per-file origin/license unresolved,exclude unless separately audited
1,https://github.com/BlackBoxing/BlackBox,a0a330732c51dd9476c618ede31ec7d4a168a5d5,app/src/main/res/mipmap-ldpi/ic_launcher_round.png,c384bdb04412bdae8c8de64b90bfe9b92fc99df0f7cdf12c2d4e9ba64008e6d9,2266,true,none-detected,binary asset from pinned aggregate tree,per-file origin/license unresolved,exclude unless separately audited
1,https://github.com/BlackBoxing/BlackBox,a0a330732c51dd9476c618ede31ec7d4a168a5d5,app/src/main/res/mipmap-ldpi/ic_launcher_round_beta.png,2f06058ef3fca6d8f3f6ca9c149c2454e32f876651f1618ea87b5bc78384741f,2545,true,none-detected,binary asset from pinned aggregate tree,per-file origin/license unresolved,exclude unless separately audited
1,https://github.com/BlackBoxing/BlackBox,a0a330732c51dd9476c618ede31ec7d4a168a5d5,app/src/main/res/mipmap-mdpi/ic_launcher.png,79bce8a89a0229a18996b01ef94f0e779c27f2fce8da3a505c4e6b1b09a52f08,2720,true,none-detected,binary asset from pinned aggregate tree,per-file origin/license unresolved,exclude unless separately audited
1,https://github.com/BlackBoxing/BlackBox,a0a330732c51dd9476c618ede31ec7d4a168a5d5,app/src/main/res/mipmap-mdpi/ic_launcher_beta.png,bb485a81c425d3efe7c4052e40c7acaa96d0e9cc07aac8be21fc728d02212031,3167,true,none-detected,binary asset from pinned aggregate tree,per-file origin/license unresolved,exclude unless separately audited
1,https://github.com/BlackBoxing/BlackBox,a0a330732c51dd9476c618ede31ec7d4a168a5d5,app/src/main/res/mipmap-mdpi/ic_launcher_round.png,42c852b1b744db48928fc3a773b99bd1cc042d88d8f9a648c678aa01ea8e59f7,3281,true,none-detected,binary asset from pinned aggregate tree,per-file origin/license unresolved,exclude unless separately audited
1,https://github.com/BlackBoxing/BlackBox,a0a330732c51dd9476c618ede31ec7d4a168a5d5,app/src/main/res/mipmap-mdpi/ic_launcher_round_beta.png,d49820f5e7bc2166aa25831fdcb99f609ab085f79dbdd0955fc8e6c27d3f232b,3706,true,none-detected,binary asset from pinned aggregate tree,per-file origin/license unresolved,exclude unless separately audited
1,https://github.com/BlackBoxing/BlackBox,a0a330732c51dd9476c618ede31ec7d4a168a5d5,app/src/main/res/mipmap-xhdpi/ic_launcher.png,485a59f42ac594dc141a249284b086e8fecc9e9d52441e9f5ce9260c221a28ef,4551,true,none-detected,binary asset from pinned aggregate tree,per-file origin/license unresolved,exclude unless separately audited
1,https://github.com/BlackBoxing/BlackBox,a0a330732c51dd9476c618ede31ec7d4a168a5d5,app/src/main/res/mipmap-xhdpi/ic_launcher_beta.png,b7214f39871e842fa19a6d47cb8e7138f9caa9f2a6c4c49caf68353e9bbdf0c8,5408,true,none-detected,binary asset from pinned aggregate tree,per-file origin/license unresolved,exclude unless separately audited
1,https://github.com/BlackBoxing/BlackBox,a0a330732c51dd9476c618ede31ec7d4a168a5d5,app/src/main/res/mipmap-xhdpi/ic_launcher_round.png,ac6dd04fb75692bc58ec5aca609353a5acaa673e47d103bea44228f86a843991,5537,true,none-detected,binary asset from pinned aggregate tree,per-file origin/license unresolved,exclude unless separately audited
1,https://github.com/BlackBoxing/BlackBox,a0a330732c51dd9476c618ede31ec7d4a168a5d5,app/src/main/res/mipmap-xhdpi/ic_launcher_round_beta.png,fb693e582ead9650afd68aade41d1d0785b9ee27e8f2ae8f206d6fd89d009d5e,6669,true,none-detected,binary asset from pinned aggregate tree,per-file origin/license unresolved,exclude unless separately audited
1,https://github.com/BlackBoxing/BlackBox,a0a330732c51dd9476c618ede31ec7d4a168a5d5,app/src/main/res/mipmap-xxhdpi/ic_launcher.png,018d11a136223befcfa13ab4a16456afce72e5291f93535267e295bee3b3ecd2,7135,true,none-detected,binary asset from pinned aggregate tree,per-file origin/license unresolved,exclude unless separately audited
1,https://github.com/BlackBoxing/BlackBox,a0a330732c51dd9476c618ede31ec7d4a168a5d5,app/src/main/res/mipmap-xxhdpi/ic_launcher_beta.png,7d489104f2e1e6a82de0421b511b4ae828771b50badc0289a1534bf4ccc5c87d,8731,true,none-detected,binary asset from pinned aggregate tree,per-file origin/license unresolved,exclude unless separately audited
1,https://github.com/BlackBoxing/BlackBox,a0a330732c51dd9476c618ede31ec7d4a168a5d5,app/src/main/res/mipmap-xxhdpi/ic_launcher_round.png,b6a726d478b1f02fba8147f7a8612d124e7940c3c749459d935d05d90b1d95f2,8656,true,none-detected,binary asset from pinned aggregate tree,per-file origin/license unresolved,exclude unless separately audited
1,https://github.com/BlackBoxing/BlackBox,a0a330732c51dd9476c618ede31ec7d4a168a5d5,app/src/main/res/mipmap-xxhdpi/ic_launcher_round_beta.png,e5f83e4ae0f4c6ef13a1a2b4aca7c0d75861a92b3edfb2ba7c4c6181a9384b96,10597,true,none-detected,binary asset from pinned aggregate tree,per-file origin/license unresolved,exclude unless separately audited
1,https://github.com/BlackBoxing/BlackBox,a0a330732c51dd9476c618ede31ec7d4a168a5d5,app/src/main/res/mipmap-xxxhdpi/ic_launcher.png,8b296d6114710785062b879a6ee6ae944f68e2d62062ebc2f1ec1ce97629bfeb,10000,true,none-detected,binary asset from pinned aggregate tree,per-file origin/license unresolved,exclude unless separately audited
1,https://github.com/BlackBoxing/BlackBox,a0a330732c51dd9476c618ede31ec7d4a168a5d5,app/src/main/res/mipmap-xxxhdpi/ic_launcher_beta.png,8e01655a0f811181e4058facf10b787f96ef089fb53ab0f3a12584e7c73cba0e,12530,true,none-detected,binary asset from pinned aggregate tree,per-file origin/license unresolved,exclude unless separately audited
1,https://github.com/BlackBoxing/BlackBox,a0a330732c51dd9476c618ede31ec7d4a168a5d5,app/src/main/res/mipmap-xxxhdpi/ic_launcher_round.png,8ff84c588c5bcdc065114c87c7502200ac3f769d5487347d9fa5d3cb79c3c272,12151,true,none-detected,binary asset from pinned aggregate tree,per-file origin/license unresolved,exclude unless separately audited
1,https://github.com/BlackBoxing/BlackBox,a0a330732c51dd9476c618ede31ec7d4a168a5d5,app/src/main/res/mipmap-xxxhdpi/ic_launcher_round_beta.png,dc9a5a5958cfcf672e9472fab8262fd30294f9baf5b5a3d041be96eeb5e88b74,15247,true,none-detected,binary asset from pinned aggregate tree,per-file origin/license unresolved,exclude unless separately audited
1,https://github.com/BlackBoxing/BlackBox,a0a330732c51dd9476c618ede31ec7d4a168a5d5,app/src/main/res/values-night/themes.xml,b3f1f01b22fe6e5bf49efe1c3adae04fc5bda13e192f6aefb8ed5228eb889d69,910,false,none-detected,BlackBox aggregate tree at pinned commit,root Apache-2.0 declaration exists; per-file origin not independently verified,reference only; manual history audit required
1,https://github.com/BlackBoxing/BlackBox,a0a330732c51dd9476c618ede31ec7d4a168a5d5,app/src/main/res/values-zh-rCN/strings.xml,0df09f039917f4efcaf65ab3b700b9619193010bf3311e2fd4a0fbb029bdc40a,4135,false,none-detected,BlackBox aggregate tree at pinned commit,root Apache-2.0 declaration exists; per-file origin not independently verified,reference only; manual history audit required
1,https://github.com/BlackBoxing/BlackBox,a0a330732c51dd9476c618ede31ec7d4a168a5d5,app/src/main/res/values-zh-rTW/strings.xml,a92b00804537bdeb3cb2adfb31d32fb5b9c3c9f7414bd79fa38f7dde63b29907,4113,false,none-detected,BlackBox aggregate tree at pinned commit,root Apache-2.0 declaration exists; per-file origin not independently verified,reference only; manual history audit required
1,https://github.com/BlackBoxing/BlackBox,a0a330732c51dd9476c618ede31ec7d4a168a5d5,app/src/main/res/values/colors.xml,c2324c760b1be6195b4f7b198215565320fcac29befbf78298d8cebc9afc4a3e,388,false,none-detected,BlackBox aggregate tree at pinned commit,root Apache-2.0 declaration exists; per-file origin not independently verified,reference only; manual history audit required
1,https://github.com/BlackBoxing/BlackBox,a0a330732c51dd9476c618ede31ec7d4a168a5d5,app/src/main/res/values/strings.xml,a19344a2c34b5791e9ae0bf889c3ec2169c3862deed68557aeaba76628b4962d,4291,false,none-detected,BlackBox aggregate tree at pinned commit,root Apache-2.0 declaration exists; per-file origin not independently verified,reference only; manual history audit required
1,https://github.com/BlackBoxing/BlackBox,a0a330732c51dd9476c618ede31ec7d4a168a5d5,app/src/main/res/values/themes.xml,26291ebef8906067bf97c64c85f8e9af42fc4e8d6a051252afa824756af3e560,1559,false,none-detected,BlackBox aggregate tree at pinned commit,root Apache-2.0 declaration exists; per-file origin not independently verified,reference only; manual history audit required
1,https://github.com/BlackBoxing/BlackBox,a0a330732c51dd9476c618ede31ec7d4a168a5d5,app/src/main/res/xml/network_security_config.xml,8c14327b6a868226b721ab4ad35b15c198fb86fa9bca77ada469e24bc451be92,147,false,none-detected,BlackBox aggregate tree at pinned commit,root Apache-2.0 declaration exists; per-file origin not independently verified,reference only; manual history audit required
1,https://github.com/BlackBoxing/BlackBox,a0a330732c51dd9476c618ede31ec7d4a168a5d5,app/src/main/res/xml/setting.xml,e0eee33d376d1132b615b3c81fc1fb563dc80b94b4bb3148c5dc2fe7c35bbfbf,1259,false,none-detected,BlackBox aggregate tree at pinned commit,root Apache-2.0 declaration exists; per-file origin not independently verified,reference only; manual history audit required
1,https://github.com/BlackBoxing/BlackBox,a0a330732c51dd9476c618ede31ec7d4a168a5d5,assets/banner.png,56919d0eabb9d0cd4e57648568746e85720b8bb9829557e6d08e07386bb5eff1,18293,true,none-detected,binary asset from pinned aggregate tree,per-file origin/license unresolved,exclude unless separately audited
1,https://github.com/BlackBoxing/BlackBox,a0a330732c51dd9476c618ede31ec7d4a168a5d5,assets/multiw.gif,de6c8033442f3b3bd8fb44184dc695f28d7e77d4b6388fe00a6685399031cda8,5964639,true,none-detected,binary asset from pinned aggregate tree,per-file origin/license unresolved,exclude unless separately audited
1,https://github.com/BlackBoxing/BlackBox,a0a330732c51dd9476c618ede31ec7d4a168a5d5,build.gradle,dc1b396417a592c1d6806c33589bd513b46b533dfad29e9fd15f42b50d5103f7,1223,false,none-detected,BlackBox aggregate tree at pinned commit,root Apache-2.0 declaration exists; per-file origin not independently verified,reference only; manual history audit required
1,https://github.com/BlackBoxing/BlackBox,a0a330732c51dd9476c618ede31ec7d4a168a5d5,gradle.properties,4e9be57222733e61c70de0cfaaa8a66b95c73048d2156dbaae253dd7c39595e2,1089,false,none-detected,BlackBox aggregate tree at pinned commit,root Apache-2.0 declaration exists; per-file origin not independently verified,reference only; manual history audit required
1,https://github.com/BlackBoxing/BlackBox,a0a330732c51dd9476c618ede31ec7d4a168a5d5,gradle/wrapper/gradle-wrapper.jar,381dff8aa434499aa93bc25572b049c8c586a67faff2c02f375e4f23e17e49de,54329,true,none-detected,Gradle wrapper binary,not independently verified in this audit,do not copy
1,https://github.com/BlackBoxing/BlackBox,a0a330732c51dd9476c618ede31ec7d4a168a5d5,gradle/wrapper/gradle-wrapper.properties,97155bcd0925a9c63281ee2c766476df56987bd4d52aa4466e47cb3aca8cf551,207,false,none-detected,BlackBox aggregate tree at pinned commit,root Apache-2.0 declaration exists; per-file origin not independently verified,reference only; manual history audit required
1,https://github.com/BlackBoxing/BlackBox,a0a330732c51dd9476c618ede31ec7d4a168a5d5,gradlew,a8a5050a3ebcf75d9c1fd59b35fee7fcee282dfa126e8509a9a4144b0a23b144,5468,false,none-detected,BlackBox aggregate tree at pinned commit,root Apache-2.0 declaration exists; per-file origin not independently verified,reference only; manual history audit required
1,https://github.com/BlackBoxing/BlackBox,a0a330732c51dd9476c618ede31ec7d4a168a5d5,gradlew.bat,0008d785920c9ff5cab17403e0270ccc7ceee8e169b6d67a82d96a5475fec5c9,2260,false,none-detected,BlackBox aggregate tree at pinned commit,root Apache-2.0 declaration exists; per-file origin not independently verified,reference only; manual history audit required
1,https://github.com/BlackBoxing/BlackBox,a0a330732c51dd9476c618ede31ec7d4a168a5d5,settings.gradle,ad90381e6444ab0d7db6e23e4e885ec6e5b25238af08548ae328cf1cbfa381f1,244,false,none-detected,BlackBox aggregate tree at pinned commit,root Apache-2.0 declaration exists; per-file origin not independently verified,reference only; manual history audit required
